Total; Estimate; AGE - 16 to 19 years,Total; Estimate; AGE - 20 to 24 years,Total; Estimate; AGE - 25 to 29 years,Total; Estimate; AGE - 30 to 34 years,Total; Estimate; AGE - 35 to 44 years,TotalPop
2746,3471,3542,3280,7476,55036
10031,10706,11375,11374,25367,203360
1071,1736,1917,1844,3195,26201
1137,1419,1627,1625,2960,22580
3224,3225,3299,3401,7131,57667
454,686,755,422,1607,10478
1001,1119,1216,1206,2450,20126
6192,7981,7917,7021,13983,115527
1453,2296,2075,1862,3895,33895
1278,1312,1352,1177,2974,25855
2143,2669,2816,2802,5805,43805
691,710,641,659,1480,13188
1314,1628,1306,1301,2948,24625
710,713,716,635,1647,13407
669,787,804,818,1890,14939
2655,3025,3261,3179,6672,51073
2596,3217,3395,3122,6459,54435
576,770,611,559,1381,12649
490,688,445,609,1397,10955
1672,2181,2103,2131,4170,37519
804,731,817,686,1725,13866
3860,4892,5248,4772,10153,81703
2571,3314,3626,3537,5895,49393
2220,2733,2468,2294,4482,40755
3671,4313,4270,4296,9105,71194
4101,5552,5401,5542,11237,80989
1942,2367,2366,2417,4860,37621
5106,6546,6033,5854,13292,103132
870,950,909,917,1947,16657
1604,2259,1801,2003,4028,31507
1349,1433,1492,1465,3258,26572
316,535,506,496,753,8533
931,908,844,806,1606,14995
776,1073,784,815,2201,17110
5076,6201,6858,6713,13031,104108
2554,2912,2913,2835,6570,52326
33372,43822,48650,46208,83485,659460
630,711,729,772,1568,14021
4875,8008,5519,5278,10318,92590
1529,1947,2041,1911,4044,33288
11626,22538,12059,10395,18921,156597
4727,5251,5565,6357,12518,91695
370,716,672,593,1080,10362
1761,2264,1143,907,1833,19358
18894,24839,24998,23587,43015,353213
1215,1050,1235,1048,2262,19743
1352,1643,1727,1530,3638,30058
4924,5737,5962,5641,11831,94738
21955,29120,29830,26662,49629,414328
1087,1347,1113,1092,2449,21745
12559,17496,17284,15722,28534,227120
5830,6968,7324,7307,15232,119157
941,1002,220,412,1143,9680
1087,1226,1292,1247,2302,20170
2568,5273,2709,1680,3412,33287
1231,1294,1081,1153,2806,22530
2764,4028,4862,4319,7278,58480
3673,5083,5327,5773,11645,86937
10830,11999,12629,13850,29867,208721
1053,1491,947,527,1268,13084
3915,5292,5089,4824,10291,80888
2060,2341,2142,2158,4452,40756
16816,23929,16650,13152,24238,204424
3107,3827,3967,3597,7747,64927
1049,899,771,1078,1801,16746
622,696,624,567,1239,10919
1104,1224,1280,1316,2758,23968
123,269,244,234,482,3338
241,504,533,501,894,5784
14330,25089,27283,24367,38243,298225
1201,1421,1471,1217,1950,17957
42,48,48,49,127,917
115,318,154,163,281,2303
320,405,384,329,551,4974
5183,11069,10255,8082,12083,100031
106,105,172,171,255,2537
64,116,94,100,234,2146
1590,2218,2423,2312,4415,32434
2876,3325,3588,3596,6848,57961
564,885,921,917,1687,13745
750,764,1357,1163,1760,13773
618,692,764,501,727,8129
75,123,102,97,146,1301
5481,6550,6847,7242,13303,101135
650,759,836,672,1097,9869
474,587,749,955,1116,9757
522,683,660,534,801,7715
156,273,137,170,396,3275
315,333,413,376,729,6473
484,454,636,631,1218,8810
45,50,50,130,175,1038
358,383,535,408,810,6889
320,659,730,566,1095,9439
116,87,136,140,202,2475
25,43,54,38,100,682
309,346,380,359,580,5453
4999,4935,4594,4008,7761,71602
6175,7688,8371,8023,13531,126516
13761,17762,10169,8560,15014,138639
2068,2714,2602,2451,4521,53145
2284,2916,2963,2711,4763,37700
551,626,670,680,1185,9368
955,992,710,855,1521,20477
224902,285123,305479,290772,547697,4155501
8503,9775,10495,9811,18987,204691
6400,6697,6723,6090,11469,107902
56495,90677,63250,61617,114537,1007257
20163,22775,25704,27873,53906,405537
3164,3094,2456,2360,5116,46358
9279,10175,10119,9977,19521,220972
11970,17548,14708,13013,22183,204281
1067,958,1046,1162,2181,18352
948,1308,1040,1071,2513,20771
1494,1635,2066,1897,3801,41093
13440,14643,17464,19398,35598,251823
1734,2064,2187,2049,4368,37212
594,505,641,616,1275,10994
236,345,298,231,588,5194
1229,1462,1353,1477,2972,27782
665,474,626,607,1207,11008
2342,3205,1200,924,2443,22495
686,866,798,774,1770,15190
1121,1182,1159,1313,2673,25361
563,429,372,462,1009,8332
2209,2586,1357,1280,2593,23992
836,1182,1299,1223,2369,20954
6298,8379,8631,7139,13571,104246
3088,3590,3900,3775,7956,62119
2663,3299,3341,3118,5947,49278
1046,991,847,940,2225,17164
352,390,452,309,852,7585
787,657,627,612,1350,12094
1547,1881,963,1164,1947,18620
8352,13723,9071,8232,15392,121282
942,1082,965,1021,2063,17803
535,577,510,563,1203,12092
4375,5248,5722,5261,10961,97994
984,1003,1117,1034,2282,18076
2313,2958,2954,2748,5858,44197
1145,1422,1175,1150,2609,22154
1367,2073,2276,2177,3893,33480
734,623,731,858,1571,13472
2037,2193,2183,2283,4512,37097
557,646,671,666,1478,13521
704,1133,1190,1381,2100,17429
3863,5222,4752,4396,8185,71373
1444,1746,1594,1484,3336,26155
372,367,381,391,680,7051
926,1150,907,913,1904,16777
381,766,708,619,1289,9614
494,946,1274,1130,2111,13885
445,623,723,726,1667,12494
1037,1234,1179,1115,2612,21802
3758,4153,5070,5287,9831,71568
921,864,846,863,1744,15907
589,679,746,716,1470,16374
2185,2646,3014,2902,5401,43760
2617,2956,2924,2720,5161,43534
365,523,332,230,857,7420
365,379,347,415,892,9059
420,486,390,446,870,8528
375,336,372,377,814,7898
1180,1379,1308,1205,2775,24378
461,589,528,534,1169,10320
1057,1408,1096,941,2070,19518
552,572,652,555,1354,10893
1145,1522,1600,1287,2924,24098
1015,984,1119,1058,2142,20212
4483,6028,4438,3926,6896,63372
351,460,425,418,880,8309
18511,26880,30296,28801,50265,392848
744,933,1083,972,2009,17514
1210,1717,1859,2015,3815,26688
5862,6002,7190,7778,16299,116252
581,604,613,539,1132,10584
272,386,461,372,832,7925
6769,8732,8606,8052,15901,127362
996,1155,1072,959,2221,17206
736,757,815,754,1674,17041
494,649,570,527,1239,12443
1743,2305,2285,2703,4681,40022
677,774,803,853,1719,16751
15178,23685,17487,16682,29046,223683
4872,6575,5164,4904,9006,78706
263,364,380,274,760,6763
1191,1153,1224,1134,2697,21601
76292,106023,131990,133457,241616,1629615
109,75,48,49,115,1203
1633,1694,1645,1791,4055,37306
13094,25957,14754,13264,23484,225207
1922,2069,2009,1976,4086,45057
1262,1397,1443,1421,2475,21479
57007,68511,69220,72573,150696,1123678
1133,1631,1895,2102,3482,27442
9246,10032,8917,9407,20477,185015
56709,76074,76941,69224,118927,971616
1644,1803,1730,1687,3335,27935
7645,12968,9164,9208,16636,135490
10659,14522,13144,12471,21822,179957
814,864,969,1084,1966,18195
52584,69839,69584,64021,110020,878744
8434,12980,13063,11839,20582,150183
2960,3206,3582,3455,6598,64095
1179,3336,3221,2937,4458,31470
543922,756629,831276,762619,1397855,10105722
9449,11166,10750,10501,19412,154440
10406,11573,10700,12496,32861,260814
632,817,913,932,1618,17658
4419,4802,4783,5306,10101,87497
18658,21320,19912,18256,32665,267390
435,219,520,526,922,9017
491,1392,488,1624,1532,14058
24661,32631,31957,31862,56050,433168
7485,9180,8459,8880,17897,141005
4471,4432,4526,5200,10687,98838
168512,223560,232813,215807,420655,3155816
18701,20348,19599,21862,47853,374985
757,805,784,868,1943,18724
141857,171312,164817,157343,300293,2355002
75776,102160,118091,111741,195153,1495400
3552,4062,3803,3899,7612,58671
129131,171907,163837,149013,272623,2121220
173100,266640,280963,253780,433395,3283665
25022,51375,101502,97230,137258,864263
43844,52081,50379,48836,93186,724153
19462,29960,15766,16661,29828,280119
31819,42350,52654,57519,110416,763450
32040,49723,30404,28422,50037,442996
91461,121220,147045,151422,282336,1911226
19750,27857,16910,16448,32049,273263
8973,10728,11111,10940,18977,178919
108,69,85,102,296,2885
1971,2066,2137,2268,4226,43530
21702,30528,32121,30277,53735,434981
23987,31205,32705,32737,61545,500943
30746,38470,39204,36880,67425,535684
5147,6318,6841,6171,11803,95583
2918,3712,3793,3528,7021,63247
734,385,461,608,1442,13037
29320,34565,32887,31706,56795,458809
2342,2766,3176,3200,5449,53899
46337,60289,56916,54402,106295,847834
17436,30479,15206,13687,24900,212605
3656,5642,6167,5567,9094,74644
24659,31589,38575,40393,71394,487850
1294,2038,1150,983,1775,16345
30413,39181,47013,48270,89282,626612
382,739,545,692,1213,12592
176,162,173,195,357,3581
154,273,661,590,802,5806
22055,33522,22361,20147,40656,316782
2767,3707,4820,4598,9686,64283
694,659,1198,1206,2055,18818
97,98,103,126,271,2127
442,399,438,476,1179,9257
434,451,484,418,805,8147
172,217,149,186,242,3628
295,653,504,472,747,5514
151,175,86,226,177,4505
1521,1275,1368,1522,3163,30217
25401,43009,77388,74477,106244,678467
10,60,87,119,154,1736
17481,15100,14562,19606,50540,320940
2361,3019,4524,4545,8652,53726
1281,1147,926,1078,2752,24553
37050,55971,54380,49599,84545,674826
1424,2140,3043,4022,6107,46601
3021,3314,3762,4246,8258,57945
131,193,255,391,910,5793
526,861,991,1082,1841,14793
1205,2130,1100,1274,2064,16215
33,7,28,25,60,820
165,210,249,373,556,6498
44,60,33,83,123,1372
26632,32819,39134,39876,73476,564029
90,46,85,80,105,1368
308,346,446,721,981,7846
405,564,748,389,1252,7481
3305,3467,3789,3756,7129,54469
20137,36162,24606,22327,39919,330976
753,781,894,753,1448,14151
187,319,393,473,840,5520
1574,1605,1404,1453,2479,21885
8167,9917,10004,9867,17270,148798
7,23,40,35,88,834
572,667,906,815,1734,13056
999,1446,1310,1296,2816,25770
1893,1892,1897,2343,4425,40908
1639,1704,1800,1840,3166,28123
1225,1055,966,1015,2131,18325
158,151,120,207,504,4653
637,556,637,842,1990,16900
214,223,293,289,446,4327
803,912,1383,1467,2281,17747
720,808,658,745,1359,12084
8597,10857,10306,10297,19078,163368
405,468,419,459,761,6557
658,668,712,640,1256,11430
1292,1321,1865,1942,3534,24359
290,235,246,278,665,6338
18,40,54,19,46,569
228,433,622,671,1192,7804
125,116,95,61,259,2357
1051,2077,2864,2536,4646,29722
1037,1053,984,1000,2544,23769
220,265,279,324,518,4809
16250,18933,20992,20910,38424,285729
426,587,617,788,1075,10109
53470,58822,52723,55942,120922,947328
47709,58500,58477,58234,109916,897417
8750,9816,9072,9165,20092,184454
8487,10188,8775,8866,18925,164110
49900,60592,58106,55391,102711,862127
13681,20600,18103,16457,30694,270772
13292,18955,7881,7710,16002,151596
6656,8376,7313,7024,14139,116674
9357,13266,12111,10880,20128,173145
30947,38598,41982,37721,68910,555036
8109,10887,11300,11247,21275,215551
31899,54873,81625,74765,95604,672391
20105,41785,22266,17557,27288,259865
1233,1993,1885,1731,3500,27537
8483,11579,13393,12308,21627,180117
1180,1389,2048,2008,3337,26775
25463,31489,31790,29997,58400,568183
89903,114806,127204,127613,253595,1890416
584,817,952,1019,1819,14458
5349,7074,6411,6113,13436,173236
5048,5857,5562,5358,11423,141373
11428,11917,12650,12203,26412,203291
14228,17593,17332,17440,35724,356774
3372,4719,4371,4262,8015,68484
1971,2182,2519,2412,4301,35675
724,603,904,883,1890,16323
42999,65337,78122,69526,115632,912043
18732,27257,23907,19945,33618,309924
4662,4800,4505,4763,10861,105015
281,770,886,935,1352,11675
1804,3052,2783,2718,5849,46113
1244,1401,909,858,1737,17191
593,700,740,789,1691,13197
795,917,1269,923,2215,16018
772,1164,1004,831,1748,14238
1532,1997,1944,1697,3349,27326
2376,2821,2691,2647,4918,39064
7563,8802,8902,8549,18049,179144
3951,4511,4698,4439,8853,100177
69508,92160,104942,97465,183243,1351087
835,1291,1269,1181,2370,19483
5532,7292,6823,6454,13593,147981
2180,3028,3296,3232,6834,48571
456,671,930,725,1980,14085
541,426,602,759,1306,8684
13504,16136,16834,16947,35678,326215
28664,35816,38377,37036,73365,700165
22437,48393,22713,18303,30466,285890
1600,2010,2010,2173,4135,39713
518,886,535,634,1202,8347
994,1018,1336,1120,2171,18518
15075,18255,19153,18570,37998,363542
13982,17691,18758,17343,33832,343778
6377,7137,7103,6880,14703,155719
127019,179954,196478,188883,382500,2702602
3085,3744,4688,4639,9823,76745
3604,4073,4274,4064,9515,78435
8465,14704,16911,14552,22857,197591
2357,2405,2567,2362,5046,40228
69736,107048,113682,99916,181293,1290216
18720,22460,23383,22991,46767,325168
63847,80506,85843,81921,165796,1426772
22700,25478,26276,27699,60584,498136
36155,49798,56525,54323,105015,949842
32114,40486,41750,39717,76911,652256
3196,4038,4066,3733,7335,72435
11541,11659,10728,11985,28954,226578
13920,16433,16745,16205,33704,298763
8367,10363,11067,11166,21689,166778
14124,17240,17047,16615,35503,404839
21746,29642,32904,31056,60461,449260
2310,2584,3176,3506,7557,116754
1801,3118,2634,2631,4916,43814
827,1569,1769,1593,2703,22350
637,827,1450,1134,2197,15300
23661,31869,30774,27060,54506,518660
1371,1703,2015,2239,4766,31586
2384,3074,3852,4136,7947,63457
1237,1501,1590,1573,3285,24472
1078,943,1044,1264,2015,18471
410,512,523,587,1010,8313
529,642,747,684,1557,11279
170,201,238,154,327,3251
3900,5770,2731,2514,4769,45527
891,1090,1005,1098,2368,18363
3806,4394,5384,5738,10752,75099
5687,6230,6870,6498,13766,102623
1121,845,977,971,2235,17272
975,1143,1165,1100,2417,19014
8914,11487,10942,9691,17980,153923
1275,1107,562,717,1403,12779
853,1135,1107,1015,2260,18411
921,701,916,842,1804,15629
2091,1912,2204,2426,5485,34883
8338,11615,5600,4446,7761,73742
1243,1447,1467,1321,2526,22645
998,1703,1685,1797,3205,23556
256,336,606,641,961,6503
2778,5450,4602,3519,5790,52252
647,575,689,582,1430,10894
8103,10512,7943,7115,14449,114898
3365,3858,3954,4065,8817,65870
598,1050,728,724,1996,12963
15426,23868,25809,21774,34544,285506
1165,2623,1541,886,1048,11096
1311,1536,1740,1377,3200,24880
12507,13375,13298,14570,34523,235896
13264,22792,11616,8839,13636,123554
120,198,165,142,258,3024
15781,20753,21778,19569,37862,274150
336,341,598,337,775,6788
39151,48810,53168,53373,108057,739072
2465,3350,2981,2890,5687,43048
2492,2822,3003,2955,5917,45890
8001,8472,9455,10226,20088,143723
969,1092,1041,1038,2175,17190
7457,8197,8047,8668,19343,138015
678,600,766,628,1457,12385
1239,1558,1171,1519,2489,23005
1163,1279,866,836,2101,16282
1143,1283,1339,1275,2913,23397
1410,1782,1677,1744,3237,27023
34055,48654,62131,60798,107921,736066
934,1443,1490,1258,2870,21063
878,854,684,846,1989,14053
5689,7572,6551,5855,10672,91522
8432,9062,8529,8912,20373,140152
564,655,584,482,1213,10405
260,108,206,235,678,4011
3157,3438,3523,3976,8224,57087
890,1232,1180,1001,2232,19288
1197,1375,1464,1437,2686,22502
457,525,825,707,1213,10757
965,1129,1094,1010,2488,24480
7014,6776,4457,4720,12420,110306
5587,6949,6111,5739,11973,96471
11929,9810,8591,12267,34775,211300
1253,1527,1343,1267,2473,22328
55310,74603,85443,81574,148042,1010420
1372,1486,1390,1671,3276,29614
203,141,139,107,401,3027
3858,5081,5176,5003,9660,83467
3170,3279,3854,3550,7543,56424
972,1442,1725,1555,2845,25048
605,765,748,1008,1626,16732
52028,57864,57685,61308,134305,889954
2493,3116,2519,2511,5446,43878
10610,12783,12886,12278,25144,192865
145,631,806,619,998,8667
1447,1672,1830,1685,3575,28722
1826,1882,1506,1613,4193,33198
1026,1621,1441,1508,2919,25535
580,719,638,576,1356,11607
14265,14012,12495,12813,31674,217506
7568,10309,11212,11018,19635,150341
575,556,557,531,1353,9278
3014,3223,4080,4006,9358,63851
593,741,748,764,1700,13732
918,621,967,960,1840,14999
735,1108,1002,968,1782,15954
399,787,401,391,1029,8929
422,642,530,486,1590,9800
1540,1612,1524,1695,3795,28540
1853,1482,911,969,2109,18282
492,662,890,940,1267,10388
2302,2955,2931,2914,5817,47451
1694,1528,1873,1840,4555,29216
3117,7279,7000,5019,6776,62120
387,395,436,337,846,7768
655,1553,1441,1421,2530,17857
7530,15370,9365,7766,12798,113941
2671,4031,1730,1594,3307,31567
1226,1144,1302,1215,2478,21488
547,797,664,726,1528,14061
715,985,982,742,1898,13675
1272,1816,1486,1751,3689,28600
458,336,591,365,1028,8558
1129,1179,1255,1146,2362,21152
283,316,363,291,693,5884
1180,1323,1573,1437,2929,22574
1534,1570,1443,1581,3279,26795
579,696,484,493,1162,8962
823,1117,755,856,1968,18013
1999,2566,2545,2364,5290,39444
11004,15761,17298,15154,24786,198647
6846,6739,6476,6300,14536,105042
2275,1849,1394,1848,5120,35972
631,711,908,795,2037,14654
8914,9396,9395,9970,23696,152399
2317,2304,1630,1656,2990,27027
1120,1528,1697,1681,3592,30343
925,982,1047,1201,2531,19141
1159,947,1005,1059,2346,17919
2501,2281,2888,2558,5151,41444
579,804,822,828,1540,11396
864,1012,1303,1208,2192,21430
58,87,87,137,214,2140
703,913,820,808,1849,16354
337,288,349,378,708,7206
11161,17439,18130,14454,23078,201568
5055,5987,5225,4956,11124,88482
313,376,273,375,524,5168
822,830,907,696,1678,14037
503,506,251,535,1024,8549
2957,4065,4147,4038,7858,64192
1456,1889,1343,1342,2683,25625
326,481,681,530,781,5832
1931,3071,1918,1850,3270,30687
372,332,249,146,798,6423
92,137,139,94,252,1844
1093,1882,2148,2166,3622,25402
514,520,424,369,981,8267
626,804,1314,1358,2564,16339
477,562,612,377,1052,8978
2079,2674,2758,2768,5312,44909
2578,3130,2719,2478,5037,40531
1513,1665,1652,1953,3054,27160
786,960,419,350,850,11173
252,424,517,397,781,6752
3872,5159,4676,4416,8433,69433
340,397,400,497,1121,8036
298,566,385,427,919,8323
838,799,835,1142,1938,22262
1324,1746,1551,1302,3213,26241
3356,3779,4044,4055,8609,68609
4636,5605,5065,5042,11526,88695
1779,2204,2535,2096,4532,35688
189,246,392,311,576,5410
977,1348,1320,1249,2498,20506
1578,1570,2012,2053,3867,29833
177,120,121,166,231,2627
443,895,617,484,1201,7952
1617,1700,1473,1334,2997,28509
6094,7177,7101,6732,13516,103963
447,512,641,587,1317,8896
643,519,461,543,976,9905
410,590,446,475,1071,9147
1072,1310,1178,1224,2284,20809
8715,10932,11596,12235,22678,196325
43973,75973,78991,72501,124490,990060
3,2,2,4,10,86
3045,3717,4212,4523,8622,71093
6652,8582,9913,11428,21603,164094
23471,27151,30963,31713,60803,435117
225,93,141,167,350,3946
5187,6323,6670,6134,10348,84113
336,284,318,325,664,5942
414,410,390,376,932,9050
2535,2732,2543,2854,5347,45369
1162,909,1010,1256,2779,21583
373,196,212,249,704,6968
1840,1767,1743,2111,4681,41855
6244,6785,7288,8073,13461,110404
631,534,451,590,1284,11323
176,67,115,116,340,2613
46,28,35,26,81,886
12763,13627,13534,13613,26616,207027
269,370,328,457,793,6862
1349,1503,1337,1436,2769,23472
106,48,64,107,100,1055
302,356,464,394,949,8533
227,173,106,150,443,4141
1234,2725,2303,1936,2772,26232
862,722,636,769,1649,13120
850,719,686,711,1613,12889
944,859,784,850,1563,16850
916,884,848,888,1718,15110
732,775,776,742,1498,16275
1838,1487,1615,1766,3475,27410
1295,1394,1522,1592,2711,23039
7293,8758,9306,9219,18307,150128
3855,7005,3016,2312,3685,38697
277,331,328,364,689,7755
182,168,152,186,339,3824
299,270,294,396,664,5296
3891,8746,4270,1873,2848,38241
1029,1398,1181,1146,2416,20448
1911,2722,2677,2393,4483,40014
272,278,74,210,472,4284
746,631,585,549,1373,11384
1139,1296,1269,1337,2578,22839
365,502,438,436,807,7667
620,637,665,548,1328,12490
443,582,552,829,1866,10776
4395,5213,5638,5813,9889,82248
386,286,432,321,1336,10104
459,416,543,467,991,9996
3227,4040,4119,3990,7493,66787
357,300,340,403,663,6776
986,1301,1057,986,2187,17034
3320,3158,2753,2982,6922,53638
265,566,618,576,1136,6791
1600,1889,1615,1906,3764,33619
271,214,224,233,526,4897
638,792,668,790,1535,14704
699,692,764,789,1545,12880
18636,34407,16904,13836,22392,207946
1489,1966,2010,1937,4194,33562
788,873,862,897,1814,15924
614,719,711,732,1482,13393
1724,2231,2510,2692,4742,37640
3995,7324,3888,3090,5371,52540
258530,358298,436870,416608,706495,5238541
766,1131,1285,1257,2496,19214
518,556,588,682,1275,10899
8022,14658,8114,6499,11630,104473
769,858,836,991,1943,16176
1025,1175,1186,1144,2446,19830
50009,58453,57797,60584,120281,931826
778,924,935,998,2071,17603
286,378,321,345,775,6570
1708,2088,2162,2185,3833,34164
961,1527,1461,1348,2689,21980
665,706,696,755,1553,13470
1831,2163,2376,2129,4741,39302
1612,2127,2127,2201,4652,35733
171,288,259,284,619,5226
665,775,727,787,1594,13311
2685,2939,2877,3416,7075,50333
420,394,398,484,945,8259
758,921,883,958,1962,18264
184,215,133,229,626,4161
322,369,309,328,645,6927
2618,2614,2392,2850,5834,49649
1347,1502,1455,1533,3174,28457
4512,9672,5088,3618,6001,59115
481,477,498,538,1069,9608
1542,2376,2418,2335,4713,38358
1279,1512,1175,1218,2497,22215
1025,1051,915,1002,2327,22046
611,878,880,824,1612,12899
30995,33457,30856,33743,72928,529402
6466,8145,6774,6629,13326,110801
7005,6651,6730,9878,20235,122933
2834,3844,2818,2893,5860,51374
44155,49836,37890,39900,89956,704476
5392,6817,6588,6869,12827,111151
609,1123,1111,1228,2373,16457
1563,2036,2113,2203,4228,34670
1759,2322,2185,2326,4190,36812
1578,2124,1936,1947,3874,29488
3168,5404,2033,1610,2829,31597
17718,18750,15927,17589,40178,308043
12965,21999,11402,11430,20928,173231
5504,7053,6490,6260,12237,107587
2298,2580,2428,2667,5419,45960
13037,16429,18666,17184,32379,266153
1638,2276,2341,2167,4353,38305
559,682,544,620,1271,11925
617,699,650,726,1569,13904
625,746,746,748,1828,14594
588,639,608,655,1511,12416
722,806,741,809,1828,15794
1731,1667,1650,1972,4168,33739
1324,1798,1799,1937,3504,29173
2064,2601,2143,2053,3946,34442
702,788,864,880,1680,14711
2551,2894,2718,2889,6287,51619
9489,12564,13325,12726,22422,186145
1005,1606,1419,1355,2789,21467
861,814,853,937,1955,16433
705,933,939,886,1778,15930
127,193,205,160,432,4360
296,234,312,364,599,5691
269,268,296,319,574,5771
1244,2019,2022,2461,4282,32829
707,937,888,912,1795,15953
7530,9204,9035,9310,17155,146205
13625,17216,17550,17126,33352,264433
1125,1446,1540,1458,2715,24430
9694,12086,12396,12970,24256,198134
287,328,348,372,938,7181
225,275,238,271,607,5109
1059,1164,1146,1200,2393,21906
274,296,257,257,630,5551
2029,2764,2268,2277,4924,45839
6359,7017,7863,8821,17348,134695
696,892,1087,958,1973,17267
3862,4685,4785,4779,9117,79207
521,715,673,671,1254,11568
1285,1366,808,989,2038,17429
587,735,849,790,1657,14260
696,863,897,902,1901,16569
550,741,809,826,1518,14186
2812,3088,3224,2985,6592,56823
41036,44286,38017,41801,97622,687727
2632,3889,4321,4416,8664,67477
14540,17879,17841,17757,34750,287512
2323,2312,1930,2167,4593,38942
1882,2206,2019,2051,3753,35018
19769,24964,25564,24016,45810,367747
3747,5067,5940,5259,10460,81024
431,492,466,496,989,8685
624,679,676,618,1342,12214
3297,3240,3299,3807,8664,63013
769,622,623,666,1602,15007
1068,1031,989,1035,2573,19994
2151,2389,2194,2157,4774,38248
5547,6970,7763,7989,15669,114893
1191,1492,1670,1562,3208,26375
1642,1944,1945,1897,3847,32455
542,544,538,577,1260,10598
1835,2141,2078,1874,3622,32777
2675,2778,2589,2633,6062,49564
1419,1599,1594,1590,3206,26480
2305,2544,2541,2494,5130,42524
9154,16358,6947,5876,11879,115938
2176,2533,2085,2445,5133,42379
11072,13110,12924,12784,25069,202924
1163,1359,1245,1184,2926,23426
3924,4825,4482,4740,9704,76481
809,938,839,896,1963,16620
1208,1290,1085,1204,2808,22835
874,1120,1168,1069,2390,20296
1758,2074,1889,1998,4005,33596
4380,6154,3668,3423,7211,67615
1623,1757,1718,1792,3866,32431
16140,15569,16094,21463,47360,309687
4009,4021,3881,4251,9556,72776
1896,2047,2187,2384,4786,39450
8598,9208,8652,10877,23371,158170
2417,3040,3003,2836,6137,48649
4001,4999,4884,4775,9654,82457
1989,2549,2262,2121,4386,36520
2197,2468,2576,2808,5920,43779
1956,2173,1780,1961,4096,33448
1120,1310,1149,1135,2418,21107
2022,2478,1791,1919,3984,32293
1644,1832,1567,1431,3500,27840
7766,9166,9722,9844,20775,149359
2885,3159,2132,2277,4128,37763
4323,5285,5012,4956,9130,78720
2374,2494,2281,2324,4261,38720
26470,31908,29041,30704,61076,488694
5299,7015,7186,7211,13814,110839
2275,2452,2509,2514,5472,45669
6569,8068,8116,8011,16459,129641
45845,68564,82229,73184,120538,939964
2513,2820,2470,2498,5489,46752
510,560,555,568,1186,10219
1771,2558,2301,2313,4595,36035
14583,27649,11840,9139,14629,144436
2010,2606,2137,2092,4515,38288
3668,4157,3751,3949,8357,69533
742,814,827,817,1663,14056
2607,2885,2780,2789,6073,47421
233,254,319,314,683,5911
1016,1097,1069,1086,2235,19623
979,1071,1086,1072,2380,20957
723,1013,1089,1022,2099,17062
757,1170,1236,1240,2440,19229
534,672,635,658,1445,12471
9313,11264,9715,10590,21875,167391
1310,1486,1384,1450,3018,25599
671,680,679,686,1533,12761
2611,3694,2264,2133,4370,37543
1331,1341,1392,1313,3007,25203
1587,1720,1480,1597,3408,28372
851,968,903,872,1993,16765
16126,20777,18026,16953,31754,268613
1172,1446,1372,1361,3006,23722
2124,2499,2612,2592,5384,44339
1085,1076,995,1096,2426,20610
1205,1304,1296,1243,2721,22966
2115,2523,1770,1729,3846,34459
966,1257,1380,1348,2865,20900
581,501,530,600,1283,10617
15655,33327,14615,11685,19781,186081
822,878,761,758,1795,15290
474,400,377,355,839,7225
9302,13694,13669,12259,20957,181831
828,882,807,805,1898,15644
7121,11857,7024,6632,12711,107723
2014,2188,1716,1654,3589,31848
358,421,398,451,934,8269
3172,3099,3207,3624,7952,61581
1357,1548,1561,1492,3450,27807
3666,4325,3815,3784,7802,66972
1451,1572,1555,1589,3118,27832
1204,1344,1306,1283,2731,24279
1651,1868,1950,1888,3999,33481
301,342,369,401,740,7192
142,206,198,209,367,3785
626,720,624,737,1427,13940
486,627,679,700,1286,12547
274,289,260,268,550,5711
1292,1394,1157,1393,3053,25646
8203,15490,8935,8213,14714,132960
1500,1490,1451,1637,3221,26381
1788,1943,1269,1354,2820,24741
975,1042,1150,1329,2414,21101
1177,1716,1429,1148,2160,20369
623,687,685,852,1644,14822
312,631,517,524,1027,9814
937,1079,953,1156,2160,20428
563,710,608,725,1464,13327
841,872,833,1155,2202,18368
2161,2503,2397,2448,4644,43134
392,650,550,564,1236,11577
592,675,542,610,1254,12140
421,488,625,475,1030,9267
724,860,911,918,1853,16387
786,885,839,865,1764,17711
2390,2686,2546,2600,5390,47587
917,1201,966,1245,1598,17131
4068,3689,5485,6645,12534,80864
475,460,452,461,928,8834
672,1011,350,369,768,8105
951,929,714,957,1865,17326
1900,2171,2153,2348,4553,39876
730,842,788,922,1772,17000
5947,6796,6064,6091,10367,96571
829,516,360,531,1058,9661
1158,1315,1119,1001,1941,20139
790,874,743,805,1637,15904
447,546,539,559,1162,10326
303,353,282,341,805,6985
436,501,412,441,939,9046
582,598,598,712,1437,12354
494,524,450,509,1143,10664
683,771,713,977,1750,15201
551,498,479,633,1209,10971
1027,911,808,1059,1749,17239
701,757,708,727,1592,14196
1011,1307,1169,1262,2294,19865
357,498,480,564,956,9321
402,479,489,577,1059,9586
339,325,337,375,695,6965
796,854,754,991,1851,16231
1036,1037,899,1011,2111,19409
1597,2040,1995,2344,4298,36789
751,1625,1382,951,2007,17945
11036,22496,12571,10730,16941,144425
883,1088,1055,1258,2504,20468
441,547,504,555,1092,10223
677,838,686,828,1451,15166
1550,2089,1920,1953,3894,34785
11473,15319,14680,15188,27998,220008
588,658,572,646,1402,11238
497,468,399,393,891,8600
573,581,540,700,1426,11745
727,754,717,853,2041,15720
1202,1338,1302,1337,2575,22301
2059,2434,1629,1877,3781,33127
2124,2531,2257,2472,4530,40476
777,757,670,788,1802,14933
536,602,487,515,1045,10663
362,434,516,424,929,8865
379,427,413,426,907,7912
595,505,437,472,1182,10239
2183,2714,2618,2655,5145,42923
690,722,680,749,1528,13944
275,293,273,347,642,6149
783,845,835,891,1845,15393
468,556,463,503,1022,9110
1495,1344,1126,1312,2868,25027
249,388,359,321,657,6972
23511,30243,36363,36704,63031,467235
5018,5718,5626,5704,11110,93287
1458,1772,885,951,1783,18428
203,217,264,253,490,4986
485,464,441,492,978,9936
8680,10520,11359,11753,21528,171493
606,574,496,509,1174,11772
2475,3165,1820,2153,3789,34692
11470,20768,7012,5334,8899,95888
960,915,819,878,1886,17236
286,279,301,345,730,6214
744,727,630,779,1409,12497
294,372,321,383,758,7308
1737,2340,2332,2109,4207,35321
2843,3188,2482,2889,6044,48630
1136,1137,1214,1294,2436,22095
291,330,325,348,619,6405
2351,2832,2168,2157,4044,36945
646,589,537,547,1198,10545
1611,2125,915,1066,1990,20575
6118,7194,6547,6701,12393,102397
398,450,346,400,789,7502
495,744,621,677,1356,12864
757,757,627,673,1477,12752
327,375,360,410,930,7840
1136,1662,937,819,1638,16466
179,227,314,299,423,4905
1371,1637,1712,1634,2972,27067
873,948,793,802,1507,14757
403,505,490,526,1016,9736
3960,3930,3768,4052,8248,66260
151,131,116,120,286,2665
154,149,180,184,321,3425
1050,1049,1027,1197,2359,20501
150,126,110,148,231,2677
73,125,119,84,208,2089
383,401,362,457,966,8203
493,693,507,534,863,9191
440,456,420,466,930,8328
82,115,35,64,227,1741
2278,2602,2036,2121,4032,35732
2614,5511,2380,2358,4153,39099
87,143,152,124,254,2891
933,948,1081,1157,2257,19162
745,552,444,395,810,7790
9889,20993,9690,8191,13150,117806
140,147,147,118,331,2946
131,50,119,95,247,2581
1783,4261,2026,1855,2808,28877
250,473,435,405,697,6331
2464,2671,2670,2499,4212,37097
2076,2628,2585,2349,4089,34658
1584,1487,1377,1526,2884,25599
1660,4678,4330,3168,4306,35796
67,108,147,158,224,2632
94,88,133,124,243,2561
450,448,498,562,880,7716
335,364,301,386,735,6004
59,69,53,67,82,1210
311,265,249,299,642,6227
158,148,159,203,267,2621
267,256,310,321,597,5746
2052,2160,1939,2084,3822,34683
259,266,201,233,533,4081
104,92,102,81,188,1875
699,695,672,706,1478,13322
1008,854,856,1043,2070,18856
116,128,138,121,247,2963
28429,32482,37687,42302,80543,578797
254,195,280,213,427,3931
385,340,363,364,782,7576
195,199,121,122,231,2524
970,1186,1136,1133,2263,20553
141,75,99,55,226,1702
4097,4711,4841,5885,11904,79359
189,111,107,153,312,3121
540,412,419,462,1214,9602
150,157,180,145,286,2790
2186,4517,2102,1928,3434,33302
1630,1935,1481,1779,3158,28792
706,774,532,548,1209,12087
419,437,478,594,989,9859
263,266,193,270,418,4295
1826,1579,1439,1826,4084,32976
423,400,281,329,616,6230
1700,2056,1947,1915,3560,33463
269,187,285,294,534,5605
212,240,99,166,289,2931
568,562,484,577,1007,10095
928,887,917,841,1715,16209
114,121,182,174,214,3001
173,412,339,317,708,5527
745,843,742,781,1794,15894
128,202,194,201,323,3684
407,260,245,304,711,5957
242,417,399,433,824,6776
271,297,246,284,549,5446
1313,1251,1329,1682,2961,23188
570,682,518,537,982,9670
84,128,105,156,221,2520
3433,3929,3854,3902,7071,63360
152,229,185,248,401,4705
597,891,511,557,891,9868
6929,19428,8399,5492,6517,75696
271,242,271,309,525,5148
121,130,145,182,265,3119
382,191,467,369,674,6987
2797,3684,3471,3401,6729,55334
179,414,242,273,689,4981
26864,35644,37133,35845,61512,510484
1629,1647,2028,1531,2719,22948
9063,10993,11147,11378,20753,178392
75,61,161,111,297,2497
324,300,362,291,900,5999
185,135,123,177,335,3693
171,207,224,259,399,4251
108,61,88,88,238,2107
367,235,353,322,702,5741
1289,1266,1317,1265,2516,23336
495,748,555,453,791,7847
125,189,113,120,338,2899
355,328,324,355,781,6918
65,58,111,102,170,1591
282,266,227,293,560,5572
117,76,134,162,182,2157
454,422,414,490,921,8858
123,111,153,191,307,3178
8530,10711,12221,12220,20836,163227
1497,1567,1103,1057,2124,19304
1021,1217,1297,1242,2447,20628
931,1287,1280,1240,3066,22017
339,471,396,418,999,8152
2238,2647,2558,2525,5296,43418
599,709,627,680,1528,12189
1291,1670,1763,1626,3355,27469
6626,7440,7639,8212,18463,127682
989,1146,1170,1109,2368,20017
2146,2546,2760,3094,6254,48486
1926,2737,1614,1560,3477,29773
411,440,491,462,1021,8330
717,877,795,772,1780,13276
1024,1063,1018,1016,2272,19991
3975,4809,4831,4926,10552,78622
540,696,823,793,1616,12735
542,699,659,877,1539,12747
3056,5620,2457,2081,3979,38616
5448,6544,6869,6315,11125,91804
261,219,277,293,585,4890
449,658,720,732,1321,10695
1591,1866,1659,1480,3258,27385
755,926,898,852,1928,15805
3707,9215,6968,5159,7668,72438
1701,1941,2249,1981,4629,35757
824,1286,1529,1539,3002,20866
624,498,587,616,1187,10208
404,468,466,530,1075,9154
382,377,358,275,727,6744
4737,5973,6233,6306,12034,99258
588,846,659,665,1505,12063
354,445,541,498,1069,7533
692,781,823,880,1768,14382
17581,33664,25480,23888,41438,315109
597,832,829,821,1766,14515
1874,2280,2190,2247,4810,37447
2621,3174,3212,3172,6186,49969
352,382,370,424,656,6259
495,458,540,468,1084,8652
758,848,838,1023,2150,17226
1351,1498,1451,1552,3140,24800
1829,2101,2163,2060,4528,37259
1350,1524,1522,1535,3240,26129
517,579,565,631,1328,11044
1574,1948,1840,1940,4505,36012
371,554,437,455,1057,8700
5837,7936,7512,7007,13869,107699
1197,1630,1731,1618,3285,27548
911,1136,967,962,2314,18630
882,1071,1113,962,2106,18531
2257,2572,2885,2888,5721,46252
886,853,785,892,1846,15677
227,279,139,209,457,4625
2172,2506,2876,2720,5528,45985
818,727,636,783,1811,13369
36086,49655,57668,53594,96017,764378
3111,3811,3118,3240,6418,51667
867,1406,1356,1355,2976,23064
7688,9950,12280,11930,21407,163987
848,1142,804,824,1976,15690
1644,2082,1976,1768,3847,31424
693,782,776,856,1705,14102
2877,3676,3725,3749,7934,59901
681,921,907,895,2021,15844
362,216,474,403,780,6717
425,626,709,618,1317,10648
1124,1196,1327,1431,2917,23011
690,760,781,745,1700,13565
1298,1321,1462,1366,3026,24413
400,438,480,429,1080,9288
1344,1561,1564,1583,3254,26847
259,433,422,473,1002,8268
2961,3642,3774,4013,7853,65285
1059,997,1144,1186,2566,17748
367,492,477,511,1099,9361
6859,10978,5458,5266,10960,88376
606,761,739,691,1663,12783
903,1072,1065,1128,2620,19335
1423,1578,1651,1732,3705,31177
458,904,788,1028,1768,12175
848,1072,946,960,2024,17167
1488,1673,1910,1929,3772,28452
298,290,459,319,654,6381
1029,1223,1073,1245,2442,21378
459,537,558,562,1199,9990
433,605,574,588,1248,10645
1454,1687,1724,1626,3778,27550
555,730,1053,953,1874,13281
1992,1900,1757,1817,3857,31153
2218,2760,2808,2759,5699,45131
331,447,371,378,852,7061
1119,1384,1332,1478,2895,24062
3780,3440,2938,3539,9750,64633
510,548,599,546,1282,10686
229,372,173,333,620,4497
682,887,884,811,1787,14530
1307,1541,1718,1673,3497,27329
2950,3859,3494,3578,7948,61586
563,766,759,767,1658,12349
2929,3670,3818,3702,7833,63974
135,113,105,94,226,2161
819,944,975,917,2123,16815
2407,3885,1526,1176,2554,24392
740,954,1000,948,2039,17731
2988,3371,3228,3663,7907,52322
2261,2787,2778,2955,6079,45831
685,1192,1084,1047,2363,17881
965,928,927,1137,2552,18012
1874,2023,1597,1415,2665,25406
608,728,756,798,1424,12377
697,628,627,612,1761,14286
511,468,439,456,1105,8697
996,1508,980,835,1722,14915
9719,14137,8700,7780,15019,123824
665,834,627,369,1652,11999
924,1246,1173,1119,2393,20692
646,782,809,797,1630,13180
2253,2880,2187,1962,4099,36027
319,373,378,334,955,7251
1344,1454,1230,1457,3171,25817
3250,4331,4163,3939,7295,62607
1085,1530,1769,1995,3760,25667
6791,6946,7924,8680,17334,119129
1311,1465,1374,1345,2864,22881
1952,2529,2854,2690,5008,41095
1979,2315,2348,2467,4679,36598
580,864,868,771,1428,13806
6598,8915,9736,9722,16224,125698
12693,16641,18357,17201,29752,251069
9979,13870,15129,13689,23671,198753
474,644,678,594,1166,10000
527,276,370,347,778,6806
438,750,696,800,1180,10044
844,920,1313,1029,2191,16296
923,1433,1389,1266,2423,20211
1245,1654,1553,1741,3213,27164
26863,49442,34312,32222,51502,446167
332,933,782,449,847,7318
1031,1094,1291,1270,2323,19553
2144,2259,2204,2276,3795,33750
677,1434,1281,1214,2266,20388
933,1376,1711,1861,3325,22305
4010,4972,4917,4672,8450,73346
1608,2321,2482,2450,4168,33122
533,965,1143,985,1924,15952
19166,27263,32702,31732,54048,437038
1658,1868,1969,1986,3654,31405
12449,17809,21316,18668,30650,238230
4930,6515,7255,6673,11731,98112
778,978,1046,1048,1854,14930
4043,9371,3281,2837,4438,47536
7512,7986,9524,10167,19036,137096
668,735,985,883,1445,11616
1373,1667,1542,1508,2916,26290
2761,4714,2305,2103,3871,39051
17643,28140,37393,34469,49797,388182
9107,11792,11544,10466,19138,156433
1214,1432,1620,1659,2881,23394
909,1382,1224,1274,2458,22271
7275,8811,8478,8642,15906,132080
388,655,392,480,1059,8723
1152,1253,1438,1265,2470,20619
1127,1350,1396,1454,2616,24145
2015,2935,3870,3717,5949,45067
2887,3380,3306,3409,6813,52728
442,721,727,491,1385,10509
983,1486,1433,1387,2291,21485
2345,2963,3028,2863,5194,43565
4337,5284,5248,5117,9290,83580
2608,3592,3783,3455,6723,53609
2671,3468,3760,3214,6314,52578
12200,13599,13667,15256,31695,249201
7596,9696,9975,8792,15503,128850
274,214,234,190,506,4771
5945,7764,8326,8047,13686,113067
1195,1338,1295,1263,2514,22537
3160,3618,3815,3826,7361,59841
2586,6008,5101,4147,6487,51906
2381,2863,2804,2740,5669,46449
2042,2471,2573,2327,4472,40043
1051,1752,1995,2041,3029,25518
605,596,656,762,1356,11274
1650,973,632,1128,2113,15376
729,962,920,932,1974,14631
5396,6610,6454,6610,13067,107317
3298,3763,3374,3322,7434,68840
14349,18387,19018,18629,35657,289173
1665,2094,1701,1503,3045,30177
2279,2761,2926,2949,5853,54468
5850,7354,6726,6874,14104,121289
1532,1928,1940,2170,4474,39700
1350,1602,1563,1543,3564,34021
2653,2847,2819,2871,6488,57230
9092,11520,10976,9023,17107,152284
802,721,686,738,1747,16960
1399,1835,1857,1999,3980,35149
2251,2483,2691,2639,6054,50994
1799,2045,2051,2055,4618,39280
1469,1664,1463,1594,3346,31822
9511,11133,11295,11686,23466,201454
4594,6254,4547,4400,8240,72591
26691,37560,39554,40326,73829,564600
42998,53772,58844,56003,100666,828637
5123,5451,4765,4858,10895,90824
1679,1980,1940,1950,4018,32785
9718,10153,9077,8885,19215,167319
4871,6302,6378,6121,12613,102416
9034,10237,9835,9845,20938,156021
1299,1883,1990,1847,3366,32386
13581,15017,14632,15666,32028,246105
1544,1757,1582,1531,3350,29516
13037,15301,15090,15614,30601,250132
16537,18100,18252,20379,43527,312495
1341,1521,1040,1023,1608,19666
49233,59526,65237,71909,144056,1039198
49740,66433,69200,65814,122972,905161
2488,2612,2406,2515,5509,49071
6263,7382,7933,7259,14120,110979
1856,3053,1913,1574,3051,25801
1550,1705,1770,1909,3656,37461
6936,9260,9874,9311,18933,149546
7581,10513,6340,5777,11211,102014
2125,2474,2663,2289,5053,51559
29612,47747,62299,53244,74938,619796
8822,10909,9577,9172,19160,213900
7174,8361,6571,6713,13441,127751
28996,37904,35408,34049,69334,557016
912,730,894,941,2011,17275
42148,51580,47225,46454,93446,775860
3004,3842,4114,4280,8202,70926
27657,35525,31171,28866,53828,469188
17129,23923,8798,8260,15942,161197
84845,108647,122673,118624,208571,1582857
459,524,745,951,1520,10912
36610,42157,43335,43878,87655,694389
27620,31138,26614,27017,60442,509114
46909,78412,101545,77117,100200,780685
47189,56514,51786,50300,101204,818249
373,363,312,334,773,10413
339,513,505,493,1001,9254
5937,6585,6402,6741,13665,114145
1300,1548,1427,1475,3059,28730
964,1094,915,1038,2196,23133
688,750,726,752,1531,15238
331,639,644,553,953,8580
2970,3213,3015,3405,6898,59607
4732,6434,6405,6110,12140,105350
776,834,756,862,1765,17462
7739,9566,8813,8777,17675,154948
2125,2319,2490,2631,5119,43543
7100,8845,8112,7915,15977,134327
2795,2837,2512,2528,5778,51397
1184,1295,1233,1281,2569,26160
1140,1279,1118,1131,2549,25475
2127,3590,2394,2289,4809,38023
1298,1639,1622,1477,3177,30597
4174,5223,4376,4446,9378,77321
616,684,581,643,1252,13821
1671,1815,1733,1872,3814,36395
1225,1400,1271,1414,2646,25694
5711,7062,6858,6503,12785,108586
1679,1770,1822,1776,3674,32978
21826,27130,24560,23302,49421,410881
1186,1200,1152,1083,2448,25324
682,992,860,823,1709,15577
4051,5095,5716,6069,10606,91222
2432,3409,2728,2622,5108,41319
2673,3036,2432,2382,5046,45909
3208,5437,1908,1846,3377,36333
1473,1610,1435,1526,3104,31750
23466,40004,21319,18281,31269,286185
3623,4266,3886,4167,8675,64147
957,1185,1061,1110,2246,25317
420,450,414,497,992,11291
7719,14106,5063,3685,6581,70572
8529,10625,9855,9224,18985,158989
15368,32180,17735,16441,29674,259830
789,860,952,907,2023,17358
34831,45784,51184,45815,78395,636376
57,104,60,62,232,2136
454,560,444,527,1113,11669
4703,5233,4348,4406,10254,88205
898,1052,866,928,1889,21564
5426,6679,5483,5598,11886,98585
10384,10848,9284,9844,22112,186946
284,393,328,434,901,6406
466,502,473,486,1055,10836
42313,54755,56865,52205,108356,864019
1076,1423,1293,1076,2410,24432
4094,7759,3966,3964,7082,67145
1247,1628,1482,1461,2968,28800
3851,5584,2588,1937,4076,43181
1064,1184,1054,1119,2449,23389
4394,5267,5023,4849,9866,83489
720,812,778,841,1536,14982
8000,9019,8419,8212,18022,149619
3062,3759,3654,3940,7548,62956
344,337,337,356,780,9290
8757,11050,11039,10889,20689,172707
2385,2759,2695,2555,5215,47899
62601,74370,77644,77656,158333,1241860
1315,1574,1283,1320,2760,26317
893,1029,936,987,2102,20979
221,201,167,192,471,6072
1222,1219,1216,1209,2493,23221
361,386,355,346,694,8304
1201,1456,1264,1179,2519,24247
20353,26402,16050,16708,32725,280243
535,524,405,503,1198,12854
868,945,914,952,1983,23934
11137,13843,12220,10580,21419,193803
8007,9560,8496,8508,18703,159761
3225,3553,3524,3639,7010,60890
2139,2191,2029,2091,4438,41535
419,366,302,294,824,8114
3882,4151,3826,3752,8098,68617
2719,3061,2898,2811,6059,53569
4142,4254,3848,4235,8848,75190
28437,47813,27342,23534,41610,361509
91390,125083,123334,106502,215620,1763822
1483,1826,1902,1946,3576,32915
639,576,533,649,1326,15841
17455,20039,21384,24028,45966,344861
1654,1688,1715,1845,3633,33552
2916,4566,2943,2796,4815,45847
1608,2460,3007,3335,5117,39360
174,268,201,296,434,5039
5220,10921,4621,4231,6907,65767
1488,1655,1367,1436,2501,25243
1565,1952,1950,2270,4477,35408
6056,5152,4545,6425,14050,98799
1115,1304,1201,1388,2739,28810
544,735,626,708,1201,12040
2770,2988,2954,3453,7121,54297
4631,6763,4295,4321,7202,62040
464,410,436,460,1001,8824
182,229,292,261,531,5270
489,603,545,627,1166,11437
2811,3289,3314,3845,6828,63505
21337,23971,25791,29121,54908,414655
1072,1098,1056,1258,2734,20485
1580,2016,2060,2177,3908,36891
598,630,683,732,1421,13966
937,1046,940,1206,2316,20825
1252,1529,1702,1788,3250,30619
2292,2405,2444,2734,5227,46138
216,307,268,340,632,5923
56613,79236,106530,102714,161523,1224763
845,976,844,1037,2008,18709
910,867,855,1015,2091,20743
1792,2076,2342,2572,4702,38584
2150,2216,2062,2441,4887,45237
431,560,536,554,1105,10104
778,862,748,870,1811,15948
1894,2825,2510,2809,4553,42577
187,222,169,182,439,4384
606,655,589,614,1261,12776
325,325,234,322,642,6840
425,434,476,517,1085,10578
90,251,105,161,377,3841
1347,1528,1339,1655,3336,27810
251,248,254,276,597,5724
1485,1914,1656,1712,3059,25789
1654,1951,2054,2335,4358,35816
278,310,273,281,542,5500
437,503,471,535,979,9397
846,1122,1006,1159,1975,20084
1180,1136,1085,1248,2696,23105
1192,1297,1457,1563,2999,25635
1608,1692,1737,1991,3679,32880
1982,2262,2259,2474,4574,39386
353,388,376,393,833,8394
2435,2610,2243,2293,4067,33477
1206,1433,1416,1383,2494,21854
352,316,262,311,751,6589
6869,8731,10543,11847,19274,151685
2685,2953,2520,2979,5662,57790
640,869,979,946,1660,14197
1371,1511,1550,1728,3407,29057
438,451,468,561,906,9229
1657,2071,1897,1936,3284,31564
454,500,550,664,1104,10932
28601,41028,46723,41933,64002,537893
197,170,177,226,483,4017
811,845,708,851,1552,15430
690,750,687,832,1531,14798
4841,6511,3424,3973,7555,65251
538,458,474,510,1065,9433
871,881,750,827,1802,15537
11851,18276,11657,11712,21610,200294
7869,7524,7472,9966,21569,141463
5408,5490,5661,6482,13178,92024
738,742,745,806,1825,14888
11114,16873,9629,9733,17025,155300
1861,2066,1976,2438,4159,36612
1049,1197,536,560,936,9759
432,478,460,606,970,9448
1144,1342,1093,1226,2564,24423
113,210,148,156,319,3357
969,1066,1057,1171,2335,21490
626,720,721,696,1422,13626
960,1050,1255,1286,2382,18898
13505,14091,13604,16092,32620,250979
648,696,542,709,1053,10936
317,300,284,368,699,6398
4445,7115,3096,2889,4947,50992
6966,6641,7147,9060,18837,131130
480,512,516,671,1028,9930
1514,1854,1830,1923,3748,31583
1887,2295,2170,2282,4617,37242
489,420,829,779,1244,12574
1022,1011,1044,1042,2068,18731
397,622,380,471,1005,8306
2051,2518,2383,2207,3784,33121
728,839,796,805,1762,14617
862,416,329,506,1103,10221
903,1297,1099,1058,1995,17305
465,434,408,407,886,8360
865,1198,504,439,919,9106
742,1019,923,898,1846,16089
1039,1315,1283,1181,2309,19990
1553,1801,1558,1472,2610,24296
1696,2053,1666,1692,3340,28748
1071,1224,1225,1087,2253,19172
10080,10700,10654,11553,25382,173267
5041,8338,6250,5083,8702,75835
296,302,428,536,815,7772
1331,1471,1773,1394,2917,23545
500,911,1111,1079,2073,13801
1157,1479,1235,1096,2886,21379
2172,2618,2678,2561,5432,46277
10399,14995,14676,14153,24683,200491
14955,20077,18796,16529,28885,243249
1120,1600,1118,994,2096,18267
457,628,488,568,884,8678
45,53,119,221,136,1296
1607,1657,1444,1281,2849,23439
7161,8787,9390,8926,18419,141314
930,975,870,914,1832,16547
430,404,657,569,708,7463
677,788,593,541,1393,11639
3824,4111,4421,4395,7900,68328
803,573,656,543,1167,10082
5612,8449,4211,3460,5960,52744
2932,4681,4599,4678,8345,60517
3931,5473,5284,5017,9297,78221
750,748,595,700,1528,12659
1657,1372,1469,1358,2663,22936
4151,5278,5678,5654,11069,84840
2069,2441,1925,1933,3381,30113
2083,1906,1971,2120,4395,34542
3066,4509,4218,3872,7152,59558
5563,6339,6670,7028,13930,102212
1224,1627,1548,1586,3092,25466
2079,2326,2373,1967,4259,35981
1598,2163,2184,1814,4451,35967
375,605,622,525,1149,10309
1747,1777,1719,1610,3609,29437
1600,1333,1151,1165,2673,21437
818,542,840,690,1122,10942
5047,11351,3887,3003,4460,49392
1821,2307,2285,2012,4114,34229
3328,3411,3131,2885,6518,55049
635,684,751,655,1511,12047
2368,2702,2264,2275,4544,39763
1701,1866,1883,1910,3990,31075
1665,1610,1590,1421,3203,25389
367,556,451,403,906,7537
7377,8460,10375,11054,21422,149645
1507,1758,1964,1786,3639,28399
188,270,328,190,574,4631
1516,1575,1697,1707,3223,27215
777,990,863,847,1844,16114
1124,1665,1040,965,2372,17981
1521,2192,2305,1937,3405,26915
341,1606,1747,1429,1891,14552
2695,1423,1657,1793,3274,28333
1236,1489,1176,1107,2955,21993
918,1120,1044,1024,2362,19476
473,421,1159,595,1517,10276
1468,1648,1811,1790,3575,28202
872,956,616,512,2105,14670
2435,3015,2878,2968,5842,47510
2537,3461,3020,2900,5386,48002
1058,1300,1390,1280,2343,20458
491,555,569,529,1193,9868
371,715,820,705,969,9084
789,1140,1108,1064,2146,18482
581,798,667,563,1597,12426
1260,1951,2060,2055,4055,27496
2711,5334,1352,1254,2065,25437
972,960,884,981,2092,17358
207,273,277,270,567,5335
1188,1669,1656,1704,3079,25763
2203,1823,1845,1776,3817,35398
736,651,539,670,1361,11942
799,856,912,932,1791,16405
872,690,794,704,1651,18918
669,625,651,662,1405,12347
12832,26553,14624,12206,19817,174589
4362,6293,6774,6295,10812,89425
2169,2438,2655,2537,4899,42826
455,457,429,480,1015,9046
2660,3487,2877,2955,5386,44793
1997,2007,2079,2026,3968,44855
4628,8258,5115,4721,8772,78013
429,509,425,471,1040,8909
309,358,323,307,710,6255
5263,5578,5694,6211,13150,101888
654,630,686,683,1417,13862
318,393,344,388,764,7586
4228,4620,5018,5686,11412,83028
311,320,354,340,752,6807
11627,14011,16384,17320,32806,236068
1106,1067,1090,1184,2439,20495
4023,4789,5019,5374,9928,76749
838,1211,1279,1241,2060,17620
1135,1331,1366,1487,2779,24387
423,391,304,355,817,7581
1035,677,910,832,1736,16441
436,477,408,418,899,8300
478,929,1033,959,1883,12564
758,692,871,804,1644,15566
559,680,642,654,1318,13391
1799,1654,1672,1661,3588,30905
5012,6034,6403,6104,11659,102413
674,780,749,740,1487,14769
295,391,379,373,678,6688
15609,30528,21098,19373,33367,286759
515,662,705,536,916,10111
406,412,520,447,876,8615
977,1044,1184,1186,2506,21834
370,333,316,356,767,9352
151,192,228,219,467,4499
655,862,555,557,973,10144
1910,2500,2421,2278,4452,40139
496,543,492,530,1190,10286
32417,44098,54394,50545,85671,688554
6239,8352,8392,8039,14866,118522
10773,12764,13939,14657,29347,222639
3743,8864,4035,3488,5541,53941
242,208,184,191,383,3976
1684,1956,2097,2118,4173,35488
1772,1806,1944,1741,3661,32655
2042,1952,2060,2196,4498,38131
786,689,566,552,1022,10078
3228,3290,3476,3495,6852,54800
592,661,584,650,1328,12248
674,861,980,1044,1913,15025
1220,1352,1205,1390,2915,22753
743,769,789,825,1605,15319
486,665,937,660,1387,12226
524,432,433,456,1019,8959
1556,1850,1732,1765,3319,28703
240,139,154,197,370,3669
1237,1424,1396,1483,2741,24947
685,623,1065,902,1899,13916
725,869,1003,1049,2136,15904
387,405,403,451,954,8676
489,570,590,628,1279,11618
850,932,1003,981,1917,20097
804,1039,1038,929,2219,18030
3270,3627,3450,3313,6882,58237
2384,4517,1365,1212,2115,22744
522,533,498,485,1056,10779
722,843,767,733,1630,13610
432,394,362,398,902,9328
924,1115,1052,952,1952,17344
886,1105,1088,1123,2284,19135
2266,2636,2828,2724,4821,42309
3115,5458,2864,2646,4542,44873
823,1306,1203,1238,2216,18517
4941,5827,6220,6644,13252,96899
2165,2700,1653,1726,3416,31347
6191,7185,5057,4734,5743,53132
206,264,254,222,477,4846
475,555,457,519,1197,10208
1177,1723,1779,1593,3197,24987
1219,1305,1264,1230,2674,22859
263,275,292,342,761,6361
585,726,830,732,1606,13807
20194,24021,23607,26789,51036,385115
365,494,452,408,890,9396
878,997,889,999,2027,17882
2862,4477,5049,4715,8653,66248
51829,63527,63290,63531,117169,999539
1475,1716,1456,1290,2714,23010
259,239,239,201,476,4450
201,318,288,262,475,4883
1866,2386,2345,2314,4487,38858
424,380,473,445,788,8273
317,300,287,342,668,6084
1598,1860,1686,1701,3555,29634
1397,1398,1230,1219,2916,31529
204,347,297,363,806,6382
2862,3963,3222,2958,5952,54308
1230,1347,1397,1467,2807,25714
1150,1276,1073,1185,2358,20665
1477,1758,1987,1984,3886,33554
1228,1456,1529,1494,3152,24968
608,632,669,644,1335,13369
1906,2034,2122,2188,4528,37558
89,97,102,111,186,2053
850,971,919,936,1947,18304
14377,24057,32626,28897,40644,314867
871,749,438,505,946,9360
741,879,948,765,1317,13290
419,409,374,387,713,6646
356,196,226,244,641,5755
420,390,397,494,1194,10466
73,40,62,87,70,1320
3528,6385,6020,5441,8841,81816
306,391,308,291,612,5812
673,679,811,712,1261,11895
72,89,91,50,225,1788
412,547,601,570,1064,9324
605,502,387,370,1128,9131
111,176,191,204,346,2925
428,522,617,682,1225,11327
4374,4923,5224,6072,11542,96147
6020,12427,8237,7712,13263,100733
58,77,57,73,87,1086
655,1086,907,813,1545,13677
31,17,10,22,61,747
217,64,59,128,297,3206
1035,1182,1175,1021,1774,16468
675,477,466,501,1228,11625
66,96,87,123,165,1965
1467,1499,1518,1577,3059,29518
3230,3798,3809,4539,7832,66290
117,123,126,129,179,2245
902,674,720,799,1796,19249
31,63,91,114,118,1728
256,342,352,439,765,7902
105,56,98,101,216,2000
179,257,73,197,367,4194
6268,12667,9270,8347,14045,114231
255,150,197,194,436,4766
558,772,856,1015,1899,16001
20,8,6,31,59,453
251,211,169,174,396,4139
306,311,347,343,597,6081
90,79,82,60,158,1610
288,449,443,398,968,6852
49,42,29,15,194,1325
1828,1813,1687,1998,4223,41387
694,673,743,733,1428,11405
696,798,797,728,1208,11218
540,594,515,483,1032,9292
414,422,380,490,1054,11414
122,179,134,285,334,3568
1772,3212,1927,1870,3766,34514
470,413,335,480,1054,9342
164,117,139,131,355,3646
301,292,262,321,618,6040
157,385,294,334,594,5031
45,35,59,19,59,790
305,512,415,401,802,7561
117,120,90,117,269,2108
39,53,26,57,75,1121
6926,9749,10939,10638,19259,156332
2202,2360,1840,1864,3194,31564
334,320,286,346,606,6406
11,23,14,8,42,421
39,26,31,24,84,728
24,28,15,19,44,502
255,289,260,284,486,5357
589,602,521,614,1332,11200
95,50,80,109,184,2049
111,86,161,157,299,3058
3133,5646,3374,3423,5616,48834
245,304,269,336,651,6546
449,432,352,419,867,8105
1348,1338,1165,1435,3085,25513
450,432,352,422,830,8561
170,179,180,167,475,3803
186,300,344,332,666,5792
482,481,664,686,1066,10012
285,359,319,332,623,6264
496,703,636,710,1372,10616
476,505,375,444,913,9039
564,514,528,564,1187,10836
1047,1529,1383,1397,2319,20529
1051,1087,530,465,904,8972
1288,1490,1611,1501,2714,23925
57,140,97,119,181,1901
273,326,299,260,608,5765
1865,2360,2020,2144,4382,36576
29255,36724,43835,43633,71513,549706
88,97,57,110,224,2017
244,313,260,321,525,5603
144,131,130,130,286,3019
201,178,113,105,236,2624
247,228,246,214,469,4814
888,1069,1064,1187,2492,21632
49,36,68,81,247,1913
61,143,72,97,141,1958
114,89,66,108,191,2019
48,20,36,41,48,682
141,95,109,112,232,2436
3255,3921,3825,4126,7647,61233
556,488,432,518,973,9149
149,158,142,146,331,3469
34,51,63,66,110,957
139,97,110,167,290,2860
414,485,434,558,1047,10293
21,33,32,34,43,684
279,292,291,330,745,6385
347,324,353,392,731,7276
192,439,291,397,647,5200
316,319,323,370,786,6547
291,394,328,397,809,8129
26,38,45,20,75,720
189,128,176,166,368,3688
478,381,320,388,781,8496
18667,34968,21865,21888,37159,306357
1845,1703,2004,2235,4333,35569
48,43,33,36,112,919
18,30,21,26,38,537
18,5,32,14,33,432
1800,2419,2242,2273,3947,35062
377,412,385,399,913,7829
233,208,227,294,568,4903
214,142,163,175,383,3569
544,632,404,404,662,7041
184,215,158,244,416,4318
770,934,802,876,1808,15875
91,134,119,105,260,2704
95,103,184,170,318,2904
455,490,487,539,952,9163
392,368,323,407,773,7175
1864,2020,1846,2028,3758,32875
306,266,194,246,539,5244
647,703,565,683,1176,10870
339,378,381,402,848,8045
62,103,57,36,126,1381
1156,1328,661,761,2008,14325
8915,10992,12489,13468,24782,175188
1050,1049,978,1232,2282,20953
1804,2187,2120,2210,4098,36509
1312,1404,854,942,1864,17045
251,187,205,349,470,5241
127,142,110,133,289,3048
37,79,44,109,83,1256
276,308,315,358,708,6020
196,264,200,238,489,5133
35,32,32,46,97,643
478,483,437,405,650,7055
129,244,217,244,417,4252
1193,1170,909,1179,2363,20414
1227,1161,484,468,968,9409
164,190,163,160,344,3597
37,29,39,26,100,846
833,886,794,874,1459,13832
967,1584,1586,1571,2478,24022
102388,136367,157665,156586,296106,2112436
1880,2169,2125,2404,4661,47632
3021,3381,3924,3747,6816,52377
30,72,75,42,117,1102
97,31,42,91,232,1728
997,962,1088,1131,2192,17088
160,365,435,281,624,5887
425,318,368,221,610,5203
2432,2348,2930,3113,5965,52303
122,235,227,417,355,4471
1553,1887,2083,1839,4221,43296
237,332,464,672,978,6661
154,125,156,122,408,3891
22495,30629,34542,30550,54474,445551
566,444,706,695,1323,9858
2376,3314,3413,3214,6147,54219
2751,3134,3056,3174,6647,60383
2058,2222,1921,2130,4717,47524
5647,5810,4603,4227,7849,76109
1352,1646,1723,1738,3667,32119
6070,7745,5555,5107,9213,89280
20915,26239,26406,25781,50899,406371
8301,9846,8385,8577,17647,147958
14799,17034,17121,16752,36411,302479
9222,13879,8011,7592,14538,126552
1830,2296,2212,2303,4942,43073
14286,18833,16753,15685,31777,272926
47224,54392,51611,57534,125273,937920
22036,29396,27547,26984,55747,449192
25016,32944,35250,34585,64803,510996
4343,5608,4986,4434,9006,94549
7517,10146,11363,11315,20620,154952
41248,54488,54321,54476,112893,800401
15337,19433,17939,17328,37002,291372
27246,45586,70537,72241,106722,679756
7264,7997,5220,5296,13652,125717
22947,29609,23729,23204,48693,373362
45647,56503,58029,58442,116519,837288
33786,38021,33382,32716,74277,627551
27353,29182,25570,28030,62615,498847
26150,32820,32498,31122,60978,589699
28319,36978,34792,33374,65785,510563
3167,3982,3736,3531,7534,63776
17559,18895,17012,19273,44531,333316
7527,8788,7265,7111,16821,143570
28153,35353,35195,36731,77349,557320
5723,6714,5774,5510,12559,107088
34165,46908,51467,49760,84730,674855
130,52,59,143,244,3547
4346,4520,4043,4258,7328,65454
1360,1896,1916,1880,3479,27049
528,709,604,609,1254,12522
2808,4866,4568,3926,5838,50283
211,31,47,120,259,2016
14296,23259,13952,13345,22866,213849
3074,3772,3852,3982,6487,56793
1283,1567,1404,1570,2769,28382
141,144,326,444,595,4426
11,3,2,29,32,546
325,115,267,274,462,4446
4110,4884,4960,5318,8447,69505
713,964,817,959,1808,19497
1035,705,719,1193,2061,18031
1271,1734,1429,1301,2379,24319
4662,5671,5542,4670,8317,72849
373,425,199,109,385,4605
3260,5672,4968,4342,7086,65130
461,509,185,546,748,8447
2175,2404,2284,2229,4473,39455
1407,2589,1417,1171,1947,19313
7257,7721,8100,8730,17892,138815
7021,8492,8967,8857,15406,128221
2020,2016,1738,1406,2969,28203
6591,7841,8156,8617,16995,147514
445,504,346,429,795,11254
772,1609,657,828,1904,17098
1280,1701,1502,1661,3641,32809
649,991,921,805,1725,15534
90,345,217,336,531,4216
4384,4805,4516,4401,8865,75845
20110,32481,20211,20035,34876,308580
4189,4385,2441,2360,4720,47400
80949,120168,121589,106754,184809,1455846
13388,19350,11203,10755,20007,196124
4314,5037,4273,4291,8484,78175
4061,5055,4743,4791,9072,78319
7721,8999,8024,7117,13834,130846
4385,5564,5292,5200,10276,86883
2385,2831,2680,2521,5319,48763
5340,7763,5124,4895,9575,81224
2645,3334,3339,3147,6654,61481
4038,5864,2832,2557,5041,48334
3278,2907,2251,2197,4349,45950
18579,22498,17332,16185,34440,295685
48554,65337,68596,58593,102308,923995
1770,2133,2423,2113,4304,38233
2454,3873,3623,3439,6084,51054
2381,3097,3083,3305,6360,53955
2999,3799,3508,3362,6484,58537
2326,3178,2999,2426,5323,47791
208,267,118,192,410,4646
3281,4006,3454,3390,6847,62943
5818,12066,10987,8693,13432,116567
117297,182206,249546,229717,364039,2635121
1267,1642,1545,1533,2990,26845
4994,6530,3432,3544,6781,64373
5466,6204,3700,3603,7531,71760
42712,55315,55404,48363,84486,748680
2261,3053,3070,3047,5537,49500
72818,87153,79431,76392,164284,1363069
59316,119239,199104,175239,238802,1653877
10823,13591,13364,12229,23779,212675
12370,16138,14689,13896,25811,232324
28806,33087,32380,29424,52219,467669
6014,7084,5892,5782,12074,109491
22969,28783,21249,21626,46008,378174
2021,2608,2957,2460,4692,41584
7793,9237,7462,6711,13324,119833
5278,6737,2911,2882,5713,60750
5394,5987,5130,5245,11977,99464
97207,153004,196242,186516,328686,2339280
9043,11423,11526,10343,18663,159800
23872,31212,32869,30043,61082,475948
18692,21731,19041,18358,36187,325027
8718,9852,6953,6268,12038,110817
11472,13386,13090,13645,28940,226632
8183,10520,9837,9966,18804,155239
2268,2196,1668,1591,3344,31611
861,981,1040,935,2000,18112
1437,2303,2505,2202,3935,34843
4869,5564,5453,5659,11200,97539
81123,98963,89093,83246,183911,1497595
3672,4550,4332,4663,8540,75783
2389,2832,2490,2737,5486,49322
12172,18269,7232,6204,10431,104415
9338,12330,11231,10357,21073,180129
2952,3660,3837,3559,7082,64701
2890,3965,3753,3644,7470,62183
4396,5549,4792,5017,10262,91442
52918,60139,54527,57128,126022,975321
1805,2566,2910,2658,4918,40886
1576,1966,1356,1249,2379,25083
9578,10129,9879,9113,19125,157844
1804,2198,2159,2068,4958,37159
569,617,304,432,1313,10935
1146,1818,1878,1629,3341,25531
1107,1215,1396,1390,3137,26833
932,1100,1193,1006,2379,17535
2215,2620,2146,2354,5431,47316
731,1281,1339,1149,2223,19913
1467,1838,1890,1822,4184,34130
4076,4983,5920,5824,12658,122586
10708,14931,17254,17322,33281,252268
4756,5238,5282,4799,10644,88898
10792,11204,11389,12470,29044,196716
3487,4632,4547,4098,10082,81805
500,522,425,600,1518,10336
2697,3362,3706,3599,7834,68699
953,1419,1168,1245,2637,22833
8054,9456,9036,8647,19669,156182
2869,3069,2887,3346,8354,68364
1114,1132,1182,1200,2848,27463
595,617,881,852,1602,14370
311,436,574,440,1098,10753
5386,6517,5668,4961,11282,97038
2703,3615,3454,3279,6606,56589
5006,10390,7732,6133,11300,103374
18611,35575,32092,24685,38787,332766
1130,1260,1330,1300,3260,25247
1348,1609,1836,1955,4410,35412
7731,9188,9075,9076,20678,164118
2216,2059,1648,2181,5204,41766
2780,3618,3481,3292,7307,59350
15373,21555,27747,26579,43383,300865
2704,3563,3323,2984,5857,54032
21257,24897,24259,23054,45723,368362
3281,4001,3478,3647,8384,63866
10711,12986,13580,12907,28311,214049
507,659,630,614,1233,11601
459,507,370,438,939,8607
2981,3853,3167,3310,7528,58503
969,1247,1455,1407,3014,21059
31567,38450,37732,33044,65856,517197
2619,3168,3083,2729,5726,52300
6884,8335,9699,10343,17601,128753
2580,2981,3258,3061,6781,59854
4552,5375,5382,5947,12980,112156
1710,1540,1492,1362,2684,24262
2422,3260,4934,4824,7307,52571
278,256,297,257,835,5507
8726,10107,9762,9781,22579,169798
3467,5093,2464,2398,4179,41725
9503,10541,10601,11463,27442,186308
477,471,677,472,1129,9776
2984,3788,3784,3587,7489,59805
2828,3417,3344,3284,6473,57934
3762,4444,4354,4268,10657,80504
2223,2419,2583,2444,5774,45069
1258,1649,1692,1854,3362,34160
1332,1423,1070,1089,2523,21347
1212,1168,1337,1046,2371,23227
51773,69096,87205,85629,156161,1034290
788,714,808,769,1597,15155
1286,1656,1452,1268,3284,27445
4020,4328,4839,5424,10893,94191
5076,5913,5420,5097,11240,94125
11692,21123,14954,14665,27905,219866
877,1089,1127,914,1942,20426
12299,35684,21237,14463,19059,192685
11993,17432,9779,7958,16616,141812
461,731,665,649,1264,12803
2139,2948,2654,2735,4489,39546
2855,2955,2950,3326,7578,57630
550,536,692,670,1314,13506
1885,2193,2151,1928,4930,39240
12669,23846,12948,11011,20950,176484
905,953,906,763,1937,20434
7296,8221,8274,7877,17831,142827
2252,3308,2709,2483,5590,45447
8433,9869,8851,7983,16531,134187
4115,5227,4916,4758,10931,91566
7040,9017,8515,8226,16972,138940
3130,3597,3540,3448,7607,66523
3180,3953,3494,3684,8013,63664
2070,2568,2069,2012,4387,35445
3115,3816,3707,3307,7336,60875
2019,2390,2436,2423,5436,46124
3707,4084,3772,3699,8843,72315
632,927,845,875,1611,14208
1535,1897,1560,1497,3028,33291
127,226,257,245,502,4090
14337,12659,9980,11511,32330,222095
2442,2884,2604,2445,4988,44420
55774,65562,75103,76363,157092,1023811
902,1455,825,1048,2023,20190
746,883,398,610,1544,12331
5898,11304,3108,2469,4831,53421
6513,9379,8862,7696,14787,124496
3040,3878,3472,3583,8224,68525
4124,5162,4931,4750,9599,81379
1898,2175,1874,1968,4699,37825
733,908,839,869,2053,17605
133,154,110,131,249,2368
664,680,626,586,1105,10971
367,454,422,385,630,6875
30,41,38,74,116,983
317,493,310,328,673,6651
146,194,165,179,382,3226
85,126,175,140,197,2253
4329,6317,6999,7098,11157,92372
9838,20035,15597,13571,21259,170620
110,227,155,169,323,3817
214,379,266,271,539,5041
38,107,91,122,262,2378
251,213,291,269,418,4349
122,106,108,106,242,2321
133,139,113,101,296,3389
135,158,156,165,377,3318
118,120,93,93,194,1892
5052,11404,6330,4701,6896,70130
120,60,99,124,210,2387
87,125,87,129,174,2276
60,83,168,151,250,2601
141,123,153,137,239,2457
150,194,167,193,400,4106
85,112,69,62,163,1932
240,322,289,360,660,5951
89,79,122,129,208,2680
573,836,1082,1024,1353,11679
429,403,448,518,1086,9607
362,423,488,502,845,8637
1220,1820,2412,2173,3847,30059
571,814,675,760,1204,9986
70,164,142,165,253,2971
56,69,60,72,209,1822
265,316,330,389,711,7050
156,276,295,249,330,4272
653,720,679,636,1230,11574
323,266,230,273,615,5411
80,146,152,166,281,2543
1206,1481,901,913,1626,16333
849,973,917,837,1625,14657
146,225,198,210,410,3883
48,58,87,72,85,1403
290,306,310,265,497,4420
20,21,20,38,57,674
1363,2311,2818,2356,3615,30316
69,94,91,66,199,1915
1090,1602,1301,1378,2300,21058
87,56,76,85,252,2258
497,503,454,409,858,8050
532,513,588,568,1119,10920
3820,8029,7071,5319,8029,69628
88,225,173,162,369,4089
1439,2338,3820,3063,3787,32916
1303,1578,1492,1452,3454,27926
5878,7602,6553,6176,12109,104157
3341,3955,2802,2895,5774,53299
4869,5610,5445,5461,11748,98622
8916,11878,4554,3512,6489,65563
2290,2682,2559,2494,5225,45778
2875,3897,4279,4227,8326,68889
2181,2405,2359,2451,5489,43799
23608,32523,21193,22684,45764,375702
1383,1589,1356,1334,3185,27825
2212,2441,2109,2095,4749,39005
7194,8536,7898,7538,15204,135520
10016,11828,12009,12190,25755,202166
2247,2840,2287,2390,4912,41869
4693,5717,5737,5762,12841,104584
1632,1998,2121,2023,4199,36602
1945,2470,2221,2293,4949,42231
63474,83984,86478,80819,144987,1257401
2584,2853,2610,2764,5926,51919
2252,2438,2133,2300,4680,38311
10511,9692,8049,11290,30007,193024
3560,4545,4178,4049,8128,75369
8326,9182,8750,9012,19981,151526
1341,1660,1719,1620,3578,28659
64598,92706,121438,102621,167093,1253507
2437,2406,2212,2426,4903,42296
1559,1881,1766,1859,3375,30203
5385,5458,3823,3850,9781,93895
10624,14088,11542,10229,18213,164825
1983,2229,2355,2124,4448,39414
42665,55541,63371,55999,94256,808703
4253,4890,5155,4886,8916,75508
2414,3518,1586,1634,3609,31576
784,777,754,754,1702,15397
1419,1564,1539,1556,3282,27463
2198,2441,2416,2371,5235,43031
1500,1550,1511,1496,3498,28547
3078,3135,2863,2443,4735,43808
2898,3489,3435,3460,7017,58497
1647,1874,2049,2006,4082,32624
3305,4633,3703,3259,7489,67349
4019,4858,3339,3249,6674,60945
10942,13077,13210,13291,26684,229701
3048,3415,3624,3586,7701,61057
9631,10799,9325,10336,20961,170678
2545,2544,2412,2548,5376,45323
16592,18907,16353,17076,37847,305405
22635,30845,32030,27245,50902,433404
2065,2633,2805,3025,6216,43732
10939,14879,13594,12561,26152,231857
2829,4185,4348,4358,8325,65483
8901,9497,8807,9786,22705,176362
1088,1220,1277,1291,2849,23234
2330,2397,2246,2249,4476,40723
5173,5665,5887,5954,12657,104081
645,706,694,721,1596,14239
27468,36716,36196,33718,60952,531987
730,774,740,777,1669,14773
1978,1851,1697,1883,4444,34935
4724,5770,5218,4993,9961,85933
486,625,1005,918,1351,14498
1903,1940,1825,1910,4369,40769
935,997,1121,1049,2190,18951
1789,2204,2034,2091,4434,35983
3117,3662,3672,3712,7913,57075
1407,1623,1674,1582,3499,28291
12371,18718,9523,8385,17465,162080
2255,2263,2262,2249,4931,41328
1697,2083,1712,1955,3756,34037
5662,7552,7455,7275,14470,121533
3342,4647,4940,4698,10393,77125
3022,3468,3210,3306,7157,59559
4057,4927,5049,4750,9503,76871
3546,4064,3150,3101,6447,55549
2744,2854,2755,2802,5861,48902
19704,23780,22106,21238,42867,374273
27670,34925,36436,33140,63700,541318
9578,12053,11525,10896,22790,203341
4580,5162,5168,5380,10837,92531
2751,3167,3292,3569,8380,54688
1430,1654,1469,1617,3365,28262
667,749,707,676,1739,13142
11817,11929,11960,13383,31325,223868
3255,3912,3302,3431,6916,60871
6772,7967,6929,6468,13074,115915
1772,2123,2185,2140,4417,37061
10390,16153,7915,7540,14489,129504
1063,1198,1158,1249,2754,22190
1142,1428,1298,1388,2673,22136
246,266,309,316,878,5877
569,892,875,889,1682,13899
233,322,269,271,653,5445
1027,1505,1771,1834,2961,22971
293,427,597,637,1197,9680
2415,3315,3321,2811,5134,45068
1566,1891,1956,1905,3430,29437
6711,7309,9184,10333,19053,132922
2513,2878,2997,3038,6104,48407
3217,5371,2860,2978,5289,48404
701,828,843,776,1608,14979
85,94,157,92,224,2221
16702,30422,20731,20580,34821,274024
308,318,294,261,639,5666
7583,11503,10780,9653,15066,123066
320,365,273,405,687,6000
682,788,881,853,1747,14563
3787,4117,4078,4229,8495,70899
1989,3622,2140,1893,2853,29169
1938,2179,2072,2001,4361,41878
294,216,242,260,495,4904
174,221,187,193,453,4102
2763,4305,4326,4493,7137,62421
1431,1566,1615,1733,3475,27751
3070,3025,3188,3499,6864,54351
182,228,211,229,453,4458
285,417,378,489,908,6018
153,74,185,154,346,2758
218,108,191,256,447,3843
654,713,739,728,1442,12746
667,883,966,906,1600,13519
1088,2085,1964,1712,3159,25574
392,278,319,312,715,6270
616,628,656,637,1252,11039
2523,2852,2546,2664,5090,45173
796,810,982,1063,1778,15510
401,474,505,571,976,9127
642,757,576,597,1098,10621
2647,2998,2959,2937,6137,49860
1832,1884,1858,1964,3930,34759
2836,3143,2336,3104,5663,45326
595,592,515,591,1097,9843
1967,2113,2032,2469,5148,37919
1746,2086,1858,1957,3709,33026
809,1003,922,1070,2052,19874
364,386,368,476,843,7730
719,949,838,781,1803,16226
2292,2400,2419,2398,4715,40929
554,828,775,858,1654,13797
3646,4428,4437,4521,8476,69471
569,654,646,684,1265,11421
553,571,602,585,1175,10448
632,754,702,775,1505,12160
38392,53994,63354,59479,97513,774203
2248,2703,2340,2245,4361,39121
2372,2480,2718,2743,5447,47350
2015,2130,1858,1781,3588,31725
861,840,867,887,1892,16448
7016,16166,6519,5072,7665,80634
1917,2549,3099,2834,5272,44673
2121,3202,2869,2558,4300,38289
4133,5070,4477,4519,8831,71614
482,571,578,639,1118,11132
165,237,140,240,388,3734
5000,5839,5363,5397,10988,90098
1487,1557,1360,1422,2923,25246
2209,2435,2461,2426,4975,41364
2235,2487,2604,2608,5204,44293
1425,1745,1551,1531,2742,21409
375,398,360,473,833,7591
32226,43077,47712,46184,81515,637123
3938,4195,4461,5119,10192,76830
2542,2961,3234,3284,5856,51867
550,636,680,723,1256,11550
583,1213,716,666,911,9132
1265,1325,1444,1394,2820,21140
610,753,821,970,1627,15980
7646,14370,6415,4985,8760,88249
20128,22612,23469,24188,51486,399962
1875,2205,2244,2174,4360,38021
2554,2432,2624,2744,6280,50207
2689,3278,3308,3401,6243,62921
968,884,1170,1046,2461,21717
542,971,961,903,2060,22377
7481,8940,10480,11494,23015,175321
4881,5375,5963,5714,10862,107576
68,88,62,107,171,1910
300,267,326,324,718,7209
346,338,381,343,804,7195
1114,1417,1452,1432,2966,22938
9981,12217,13113,12840,24297,212070
1368,1096,1423,1263,2651,22707
3972,4119,4382,4002,8788,84514
3288,3974,4220,3621,7250,66018
238,391,397,438,824,7807
20464,35346,23456,22683,42341,363471
1731,2146,2258,2437,4593,47307
5759,7261,8038,7509,14484,121074
1654,2231,2045,2032,3697,30421
18419,22591,22914,22120,41489,330453
740,656,544,549,1381,11153
31163,49674,71959,74897,127271,788459
5474,7045,4440,4626,9018,79666
43,69,94,59,197,1635
951,1317,1355,1404,2667,25840
4102,5247,5343,4999,9576,76736
1439,2099,1426,1571,2756,25810
214,181,363,361,631,6864
1308,1360,1630,1509,2944,25687
27826,34418,42490,45765,86048,572071
42,65,87,35,86,1415
6039,7272,6076,6547,12873,102366
5772,6741,5469,5238,11355,101589
60440,80219,97814,86612,140479,1229605
2959,3516,3484,3594,7629,66737
7231,9583,9643,9755,18630,168161
2266,2544,2414,2425,5554,48891
24090,28405,25462,24115,48811,415500
5973,7521,7657,6980,14446,124736
2691,3312,3311,3250,6528,61546
31514,36135,33762,34835,73809,626486
10386,10938,10235,10267,22134,185984
6988,8749,7116,6909,14988,135871
232,231,209,211,457,4754
2705,3240,3380,3528,7493,63987
15096,28029,13192,9401,16664,160646
29234,32106,28975,29438,63858,514652
2463,3671,2452,1893,4126,38747
3474,4889,4779,4570,10358,80539
2793,4170,2160,2008,4179,39321
4834,7328,3488,3325,7150,66615
4736,5542,4780,4674,9488,86847
13435,16522,16066,15791,29876,245801
13056,17077,18879,18212,32806,273329
33581,39880,36381,35629,66577,563384
1351,1566,1433,1582,3340,30781
16009,19939,19258,16886,31206,277794
5896,7646,7859,7489,15765,133160
192,585,938,826,1214,7388
7882,8339,9067,8790,18631,153003
664,795,750,782,1704,14631
1980,2514,2347,2243,4635,37338
2437,3065,2925,2575,5537,45686
6461,10112,4358,4486,8552,86551
2043,2532,2547,2449,4884,44258
1173,1320,1375,1354,2799,24448
11137,13780,13618,12539,23946,211960
28953,35344,35732,32731,60958,536494
4326,5395,4599,4607,9701,88231
6848,8382,7729,8079,16042,137616
19318,23762,23074,23206,44742,360774
15569,21022,20227,18490,37091,318222
6116,7789,7878,6968,12899,115398
2386,2713,2441,2398,5243,42070
6759,7928,5693,5783,12141,113623
2163,2497,2608,2535,5012,46452
11251,12629,9406,8124,18397,167306
40540,47008,49131,52643,102243,818677
809,866,1193,1267,2057,18302
17016,20648,17604,17180,35494,300941
4033,5124,5591,5414,10909,93038
2153,2626,2635,2583,5463,45878
82171,125742,158342,129531,192104,1569657
3073,3124,2480,2388,6173,55687
764,936,814,834,1718,17070
6071,7737,8186,8660,18205,144287
2791,3165,2364,2113,4507,40570
3123,4155,4310,4211,9136,75619
325,351,278,263,608,6192
1930,2195,2037,2099,4336,41716
2249,2682,2429,2205,4397,41550
3821,3634,2677,2851,5844,45056
2415,2839,2668,2760,5771,52880
1832,2143,2009,2068,4309,40345
10839,12463,11254,11222,23980,207661
2234,2724,2676,2905,5761,51656
16393,20406,17974,18601,39402,356835
1466,1740,1530,1498,3102,27760
22387,26410,26534,26924,54428,442216
3310,3490,2595,2291,5197,49028
7104,9061,10419,10338,20186,164012
4204,5691,5062,4724,9286,83204
36741,50902,49712,44086,77489,633704
9787,11778,5896,5424,12353,126190
1401,1672,1290,1115,2787,24788
8067,10015,10703,10189,19120,165707
426,651,510,691,1168,9402
9904,11703,11643,11143,23699,194174
885,1310,783,592,1788,14842
1174,1510,1154,1137,2465,21788
8410,12408,10936,9883,18332,179316
10643,14989,15264,14688,26892,204632
673,869,800,704,1695,14808
17923,27098,35254,31600,48603,387847
3215,3813,3711,3151,6972,56549
1510,1956,1919,1693,3649,32424
2340,2941,2623,2570,5612,46127
1638,2570,1984,1774,3494,34156
1778,2342,2305,1978,4225,37581
3540,4429,3988,3536,8046,67572
1425,2057,1970,1909,3620,31073
8339,9085,10594,10534,20673,151716
1330,1680,1490,1759,3597,26620
1130,1377,1221,1085,2565,22868
6833,9354,9134,8402,17347,138537
2862,3004,2861,2832,6294,61065
24731,32355,34092,32919,64194,490332
4014,4768,4527,4073,8257,69981
973,1198,1258,1321,2568,20066
13655,17635,19790,17890,35860,310186
1272,1551,2171,1990,3175,27465
3221,3572,3722,3496,7623,63734
3624,4594,4952,5281,11538,86544
3570,4615,4013,3590,7712,66508
832,1336,1240,1073,2040,17897
13489,16713,19001,18584,37098,281870
250,410,578,527,984,9694
1444,1895,2006,1682,3627,31765
1426,1734,1892,1984,3719,27505
2241,2519,2238,1903,4360,37914
3352,4483,4244,4147,8144,75926
5248,6951,5689,4787,9038,89116
9796,14835,7736,6393,13223,121449
32714,42999,31420,28334,49816,404869
1245,979,1184,1161,2602,20228
15645,20439,20191,17939,36522,297732
5991,8733,7791,6698,12083,107379
1275,1635,1596,1382,3266,27772
1632,2049,1928,1916,3709,32256
13617,15331,15327,15763,34955,251664
167,163,142,153,271,2739
748,899,1263,1274,1816,18163
243,200,263,178,372,3440
284,486,470,425,821,6972
3559,6292,2486,2035,3203,33697
2196,2829,2605,2568,4277,38637
223,312,279,304,537,5280
153,160,124,120,233,2048
476,512,562,688,1033,10194
47,30,71,56,103,1443
610,532,450,488,899,9319
165,235,216,191,321,3642
1801,2973,1107,697,1206,13907
1359,1797,1877,1730,3267,27963
265,258,261,247,426,4177
350,266,330,433,729,8519
989,1431,1384,1128,2298,19753
169,275,263,297,506,5524
165,226,187,240,459,4282
333,421,363,334,598,5709
56,172,139,115,258,2940
236,198,192,193,387,3971
301,305,266,301,616,6783
59,154,115,112,209,2327
399,368,321,330,897,7133
139,192,162,200,462,4209
58,105,67,130,192,2084
316,336,298,304,617,5911
148,164,176,167,297,3303
215,157,137,179,411,3404
91,57,90,112,107,1281
856,866,1262,1317,2021,17572
372,420,333,340,723,7277
76,59,52,60,121,1373
217,277,153,204,257,3275
52,69,82,126,197,2034
19,22,33,23,87,740
202,228,227,287,515,5000
787,888,562,652,1135,12350
1474,2319,1532,1446,2527,25018
2198,2780,3659,4477,7987,53147
218,250,222,238,433,3882
271,273,250,302,587,5515
88,127,91,105,179,2366
243,224,298,293,453,4759
1164,2336,1930,1819,3384,27066
77,128,115,159,159,2062
102,74,74,163,247,2255
9216,12552,14836,14204,23498,183660
257,373,352,375,684,6496
1102,1265,1132,937,1522,14291
4831,6911,7674,7259,12512,108126
125,190,100,133,340,2964
100,87,103,95,199,2318
460,708,487,494,984,10250
81,176,131,123,236,2366
317,319,318,360,625,6478
76,168,165,158,362,2994
71,84,51,69,122,1390
678,782,714,622,1041,10016
215,289,251,266,501,5480
365,366,383,466,960,8242
824,733,695,868,1922,14929
342,185,315,269,662,5502
1159,1441,1318,1371,2687,22660
218,198,141,175,385,2837
3261,4495,4302,4469,8843,75538
2089,3018,2967,3234,5913,46854
830,714,747,750,1925,16154
517,796,973,861,2120,14413
6413,7311,7291,6932,15752,127135
5806,7319,6661,5957,13272,103666
1824,2315,2316,2084,4987,39824
513,831,949,793,1676,13839
1501,1870,1561,1445,3210,28137
2462,3201,3572,3135,6880,56500
2108,2259,2369,2376,5188,39713
1469,1437,1032,917,1972,17097
1613,2200,2129,1683,3776,31566
331,427,351,371,816,7684
1470,1985,1888,1860,4162,35262
2797,3137,3314,3289,6450,54074
704,805,836,953,1683,14554
2057,2715,2948,2744,5659,58178
31494,51154,69957,62044,92902,678322
440,621,619,571,1302,11681
845,1078,1048,1254,2484,19380
2601,3053,3308,3071,6495,51341
1865,2313,2115,2111,4832,37751
1725,2045,2137,2227,4586,39336
810,953,903,892,2000,17940
2546,3169,2193,2108,4873,41397
2569,2913,2677,2967,5979,49222
1394,1781,1624,1450,3448,29024
1139,1190,1206,1254,2791,22942
3497,4181,3570,3547,8432,68520
623,780,731,719,1594,13359
3136,3788,3694,3573,8157,63465
17184,23754,25946,23435,44436,354589
240,385,359,378,808,6605
1132,1894,1758,1800,3278,25784
1198,1295,1427,1255,2977,25813
2455,3124,2984,3026,6840,56402
932,901,1225,1044,2022,17944
1239,1539,1651,1576,3700,27889
1392,1645,1686,1644,3670,32263
1222,1533,1585,1466,3158,24502
426,441,420,483,907,8188
876,1055,1026,985,2275,18281
546,639,602,521,1390,11573
2970,3267,2959,2815,6239,52887
741,977,1009,1093,2380,17846
25204,40971,30586,30221,56630,452286
316,619,677,603,1193,7588
1357,1767,1852,1775,3400,26497
1989,2406,2520,2405,4958,42591
454,707,639,602,1363,11944
1615,1715,1807,1725,4133,33543
2290,2487,2501,2558,5566,51024
2515,3128,2903,3049,6259,52569
1269,1532,1434,1400,3065,25945
1165,1399,1446,1602,2781,23239
6053,7390,6409,5716,11459,97887
1427,1542,1723,1584,3440,28355
1493,1842,1930,1942,4183,31753
3677,5184,5797,5728,11412,87606
528,587,657,560,1464,11830
2367,2567,2511,2371,5417,45698
9658,17564,19995,16743,25371,192120
293,363,291,300,817,6302
991,1415,1502,1466,3034,21639
1538,1734,1572,1640,3829,30659
1092,1193,1194,1097,2692,21995
377,419,449,418,879,7882
186,124,317,207,538,5071
777,867,866,820,2074,16722
5047,8418,5007,4375,8446,75565
1633,2089,1847,1782,3964,32478
2502,2779,2712,2637,5857,52926
3711,3769,4235,4408,9075,68575
16729,29157,21704,21838,42568,298456
1140,1294,1313,1269,2971,21949
808,713,732,852,1821,14654
4461,5996,5924,5303,11471,95523
51055,68511,70671,64302,119091,937847
945,1099,1070,1097,2280,19279
678,700,721,679,1502,13248
7118,8695,8708,8146,18925,156519
8945,10048,10312,11059,23777,175730
3640,3783,3842,3750,7846,61434
379,719,655,622,1096,8773
773,996,963,947,2089,17830
911,1028,1172,1052,2336,19176
289,289,196,195,772,5675
2016,2301,2159,2503,5294,40210
6800,11251,8328,7535,15449,126437
681,1101,1210,1023,2255,16713
2604,3848,1950,1663,3583,33776
1142,1418,1562,1456,2970,26394
12346,10577,8596,10982,31413,212161
6569,6848,6898,7925,17616,128874
2315,3545,4241,4467,9942,57747
1173,1169,1316,998,2424,17577
4862,5659,5718,5387,10712,87700
1236,1296,1204,1035,2452,24832
493,464,419,445,947,8793
86,74,56,103,226,1929
2526,3019,3044,3102,6014,48139
1516,1680,1652,1433,3361,29292
577,334,485,268,1117,7098
674,1029,855,906,2066,21316
4396,4521,4506,4787,10143,80306
93,239,113,160,331,3602
1689,2712,2798,2913,4718,32729
18136,31031,31087,26746,42683,336506
110206,144767,152874,144478,252467,1892004
498,543,339,349,1336,11089
28,14,56,23,66,602
854,836,803,884,1822,17955
4789,6108,6305,6000,12377,93635
18479,20784,22601,25662,50536,345995
19143,44513,18826,15002,22464,214231
377,456,689,581,1100,9220
65,108,87,64,162,1591
391,878,415,514,811,7251
1955,2499,2163,2292,4203,37787
873,949,1005,965,1977,17596
2225,2898,1901,2172,5179,45017
2668,3388,2577,2712,5125,40544
1320,1216,1368,1416,2444,21821
708,572,726,724,1481,13660
28099,31496,26016,24981,52423,420201
682,844,678,823,1242,12670
351,276,282,410,672,6033
1491,1449,1544,1543,3486,30118
600,480,400,449,881,7891
2263,2465,2364,2690,5041,39283
2851,3304,3082,2867,6241,51594
223,753,770,665,898,7064
466,527,496,503,1117,10369
234,148,182,265,264,2932
155,109,137,71,389,3238
399,327,510,398,842,8422
51030,51219,53184,63659,148743,914075
125,165,163,191,358,3026
1127,1240,944,1033,2080,20913
6412,6945,6837,7220,15381,129100
698,596,639,627,1459,13492
325,183,292,237,584,3858
1962,2637,2455,2211,4184,39064
3619,8561,7527,6972,10936,75818
73,26,93,45,102,1498
287,269,311,328,535,4836
392,131,269,243,391,3836
329,394,303,316,720,5895
136,101,233,116,199,2257
515,354,602,548,850,7207
135739,181965,210120,201603,357390,2552213
679,1184,1232,976,1596,13095
1137,1373,1243,1106,2327,18947
268,268,251,272,542,5172
44235,52815,57928,58825,121864,781321
913,930,1129,1213,2675,20474
124,75,80,147,354,2224
999,453,699,673,1374,10822
317,271,131,158,325,3433
532,917,814,644,1387,11434
1082,1267,964,898,1854,18278
8961,12672,13374,12052,19256,155744
100,128,47,105,257,2111
9475,10607,10180,10411,21705,164092
52358,71271,64168,57052,104809,834825
4199,5964,2707,2194,4082,41016
880,1217,1255,1219,2029,17289
1605,2019,1991,2179,3972,33787
1233,1243,1051,1314,2510,24963
224,218,247,164,465,3875
353,374,283,363,734,5953
98,49,35,39,196,1414
41304,41484,39808,48448,109031,711421
628,588,510,516,1229,10639
1068,944,970,1368,2569,19646
1157,2291,1552,1557,2253,19110
1244,1292,1419,1300,2381,19889
17475,19818,21034,21563,41856,321184
270,420,550,557,1399,6739
1457,985,983,1003,2525,25939
119,87,43,97,216,1420
447,495,242,335,772,7510
1171,1240,1247,1164,2248,20558
1024,1351,1541,1643,3054,22962
6478,7818,7683,7429,14510,126146
6753,8806,8701,8324,14688,123402
1388,1732,1591,1573,3530,27358
8828,9395,8827,10167,20992,150889
2213,2757,2420,2270,4004,34527
247,143,84,134,344,3102
396,442,375,373,901,8220
224,459,375,277,686,5532
162,209,267,236,354,3990
2906,3210,3384,3598,7069,55993
244942,320541,368213,364942,647130,4525519
3743,4124,3892,4008,8005,66606
150,215,492,545,1034,5821
229,374,371,449,761,5806
14446,24659,13983,13337,25364,194843
301,220,175,228,587,4152
4079,4508,4293,4136,8667,79687
57560,65683,56797,54328,109024,839539
1995,1987,1886,1883,3795,35098
1715,1840,1573,1523,2610,23273
2611,2512,2720,3018,5367,55418
1743,2094,2101,2090,4250,35929
892,1394,1146,1277,2919,22849
1892,2779,2801,2631,5242,36491
215,231,261,265,489,3702
5116,6125,5725,5314,10569,90322
1188,1389,1163,1524,2709,21704
73,120,73,34,138,1592
441,663,652,512,1210,8839
683,905,756,791,1955,14756
1724,2220,1757,2281,3850,35444
73,38,72,91,239,2236
13362,18561,18959,18415,32005,254574
289,346,202,318,656,5262
2491,2701,2752,2613,4970,41318
8932,9850,9971,10263,20964,160173
752,1457,1916,1687,3107,19969
870,1076,1405,1292,1996,15051
6202,6441,6980,7984,16081,114852
2143,2167,1777,1906,4877,40306
24,43,61,15,55,564
26,18,54,11,70,680
2361,3007,2566,2540,4624,50761
234,140,168,137,465,4432
7,9,47,30,30,289
80,201,177,362,397,3631
2755,4701,2396,1915,3251,31540
159,231,172,220,376,3753
2433,2972,3164,2646,5693,49401
733,772,747,945,1380,13368
1193,928,1108,1073,2620,20473
366,637,986,458,749,7418
932,1028,901,1072,1977,19859
1048,1009,728,1021,2083,16850
863,1029,580,801,1873,16966
4222,5531,5698,5561,10059,79884
1212,1464,1621,1329,2754,23480
213,181,255,268,336,3495
533,573,882,862,1502,12043
695,859,825,810,1421,20195
0,3,0,0,12,74
21083,37781,22990,20633,33445,298042
325,287,346,345,685,5785
385,279,624,318,1016,8145
17192,26152,16106,15350,27429,245720
14,29,43,14,74,600
375,1458,1417,1221,1894,13979
434,357,511,457,993,10140
359,385,323,361,656,5547
241,178,195,186,405,4122
1991,2416,2342,2178,4046,36744
4209,4856,3780,3436,6970,57471
2754,3376,3087,2732,5612,48548
59,65,142,121,165,2123
7913,11585,14357,13213,19888,159883
1240,1146,1335,1558,2378,24479
367,159,165,163,414,4887
354,971,898,754,1186,8774
932,954,1098,1013,1963,19406
29292,31822,32524,35006,73635,535187
1513,1652,1532,1551,2702,22016
590,522,847,724,1439,12530
67,67,95,77,68,1114
5405,8824,4079,3665,6660,65411
2939,2747,2939,2554,5694,48239
1142,782,628,900,1598,14187
1005,886,759,857,1709,14990
20470,26591,26705,25513,44277,358484
781,578,723,670,1360,10484
206,99,120,93,209,2083
4115,5264,5390,5262,10283,83909
1462,1674,1652,1499,3022,28109
1104,1522,1290,1282,3128,23574
6885,7259,6959,7409,15575,125963
644,620,664,642,1140,9871
846,974,1232,1268,2226,15804
2254,2613,2673,2673,5482,46974
6204,8394,9548,9108,15590,121230
558,285,232,252,886,7191
394,495,526,616,1217,11246
7586,9267,9625,9559,16426,130552
227,225,267,291,497,3735
208,211,58,116,300,3358
735,628,602,641,1384,12353
945,1143,1125,1124,2327,14791
394,419,360,357,809,7293
55,24,76,41,93,889
756,1089,921,817,1754,16727
5170,4691,4385,5876,13611,90414
437,691,497,587,1156,10266
2541,3298,3648,3534,6739,53026
436,337,622,509,867,10429
472,275,378,423,762,8403
1110,1498,1358,1275,3067,27436
3862,4421,4351,4485,8200,66867
265,388,435,337,695,5851
183,194,159,229,392,3122
1106,1110,1085,1246,2242,17346
237,150,155,150,382,3348
1618,1634,1278,1467,3093,25689
220,162,134,218,458,3067
12759,15962,15619,14314,26289,222277
459,486,493,563,1034,8650
4558,5234,4307,3868,7658,63420
507,600,621,648,994,9365
52,27,39,86,132,1139
35,10,24,62,83,1084
218,162,216,242,506,3894
414,430,687,487,854,7541
112516,133870,147774,146204,273805,1983675
8605,14734,10299,9245,14532,135371
11,10,44,40,100,721
799,689,970,915,1413,12755
90,77,43,112,106,1541
1996,2400,2046,1873,4002,32664
7271,10263,9420,8900,12581,116906
56819,83172,121288,113238,185184,1176584
763,536,575,750,1429,14481
1090,1644,1397,1106,2406,21456
2298,2201,2172,2195,4770,40506
186,186,247,229,435,3575
1923,1950,1782,1634,3102,27015
3083,4088,3650,3184,5764,48976
2997,2828,2611,2772,6121,53607
5106,6237,6477,6107,10636,91518
5357,9976,5600,4595,9919,70818
5413,6621,2413,2581,4778,48443
706,766,825,787,1398,11498
2804,2176,1643,1711,3652,34667
18907,21722,18432,17650,35616,269624
2307,2629,2478,2510,4689,41430
254,283,333,365,596,5599
8830,12265,10556,9154,14887,131778
835,747,872,871,1497,12972
1307,2065,1664,1630,2964,21839
26986,28082,31723,39212,82981,508313
2689,2690,2483,2756,5804,47205
691,520,459,521,974,7777
3148,3666,3869,3963,7503,63247
2200,2164,1861,2173,4153,43315
440,617,450,586,1057,8481
1193,847,850,1016,1974,18166
681,1272,930,916,1678,14415
752,1285,713,676,1375,12152
403,374,308,426,768,6414
3183,3340,2894,3375,6631,52182
8990,17846,9135,7748,13556,120288
1208,1317,1200,1348,2465,20512
28,43,36,19,72,702
20379,22240,22890,25502,46982,334977
1149,1200,1376,1463,2581,20259
633,537,489,657,1200,10410
348,282,248,293,534,5020
459,640,366,622,1441,9544
3639,5502,3387,3058,5505,48504
816,630,562,681,1441,10694
506,224,360,439,735,7246
803,679,565,724,1291,12651
701,653,488,642,1416,11014
71,56,92,170,205,1860
178,65,83,178,237,2307
59859,79304,93541,90907,157865,1106700
1104,1013,954,836,1657,15193
2646,2790,1623,1868,3628,28892
1283,1189,1133,1278,2618,20961
2111,2154,2373,2378,5319,39731
4295,3899,3470,4689,9664,63357
2216,2429,2511,3053,4812,36343
42773,73401,42586,39976,70923,576496
1891,1662,1632,1924,4462,29306
8970,10041,9186,9484,17309,155577
210,83,125,149,304,2700
14023,17530,18827,18604,32469,244101
2717,3211,1683,1956,3995,36825
1735,2459,1662,1681,3597,36054
1758,1868,1617,1623,3497,30576
11842,17894,11445,10665,18537,160985
249,271,265,256,640,6203
2555,2726,2879,3094,6303,48816
300,371,374,342,747,6950
1409,1642,1539,1573,3225,25191
1404,1654,1415,1632,3236,28901
1208,1420,1406,1462,3105,26951
3407,3805,3158,3057,6188,59676
3068,3679,3159,3217,7229,58691
2099,2476,2311,2379,4586,43332
2386,2518,2943,3194,6073,55485
1431,1788,1602,1745,3437,32840
8302,6688,7053,6594,12112,105105
775,768,843,709,1666,15489
693,698,599,515,1306,12802
1846,2064,1645,1597,3661,31819
760,711,880,930,1770,15462
6677,14995,31718,28126,38059,229534
3528,4156,4201,4212,8756,74390
110,210,241,222,408,4458
3628,4242,3655,3510,8716,77319
280,330,374,398,958,6524
1621,1673,1558,1509,3529,33149
896,1059,1036,954,1954,16435
925,1207,1389,1222,2674,22611
604,1058,1151,1142,2159,17048
2476,3490,3844,3130,6384,55158
1502,1794,1733,1930,3982,29889
1178,1439,1473,1450,3361,29767
262,352,339,349,694,7022
700,708,531,494,1340,12176
19678,20727,18838,20681,45562,335594
810,714,646,664,1597,14331
112,250,220,320,605,5131
2648,2683,2758,3015,6517,49795
514,610,534,438,1131,9797
619,809,835,902,1910,15181
1329,1732,1632,1558,3568,28033
516,670,509,460,1281,11083
56802,66871,74388,83131,166670,1142004
3655,3786,3539,3626,8439,68406
706,675,705,883,1870,15594
1350,1525,1345,1435,3512,26109
2953,3197,2869,2851,5947,56277
4310,4859,4880,5002,10742,83784
699,928,927,880,2074,16867
1780,2057,2066,2261,4236,37035
926,1018,956,996,2486,22148
637,831,855,784,1825,15708
907,861,1172,1423,2348,19213
355,801,936,956,1706,11606
1533,2005,1761,1654,3780,35030
5853,6442,4768,4984,12815,103218
15541,19019,22744,23390,43843,324073
2129,2839,2633,2533,5616,51956
23,50,71,67,136,2213
1762,1817,1840,1837,4314,36090
3593,3684,3629,3615,8048,73028
219,423,420,269,951,7052
1358,1581,1428,1596,3582,25564
804,801,1047,1015,2008,16329
437,412,397,362,973,10848
1002,1234,1608,1602,3179,24428
19483,18156,19260,27719,65372,374558
1391,1813,1863,2067,3988,34813
382,793,697,639,1493,12369
561,700,733,685,1341,13108
333,361,535,303,746,8830
1285,1737,1539,1493,3187,30959
497,537,470,395,875,10710
12195,17117,8103,5802,10160,97692
547,777,776,631,1438,14863
922,1068,1097,1245,2622,20523
448,667,562,582,1112,11998
427,441,506,493,924,12254
864,986,914,1054,1913,15537
1792,1871,1822,1968,4361,35265
1054,1215,1283,1251,2805,23694
756,905,791,756,2019,17958
2740,3266,3186,3053,7110,61970
1687,1531,1372,1522,3841,28364
2820,4015,1058,909,2128,22903
1920,2453,2747,3267,5517,37704
24416,28455,29497,33937,69486,450763
1488,1877,1941,1730,4091,34330
323,375,379,343,719,7359
307,452,510,506,1396,8873
4560,5270,5049,4953,11542,93419
995,1130,1199,1062,2332,22440
4359,5052,4322,4224,9384,78653
1242,1502,1506,1561,3419,27725
891,1105,1184,1197,2669,22290
1771,2362,2314,2372,4793,42854
1417,1772,1825,1670,3746,31298
819,973,878,867,2046,18089
7341,8032,7973,8149,17025,130159
8550,10196,9098,9380,19472,141159
323,291,426,274,662,6670
256,844,1085,994,1695,11595
1980,2450,2248,2417,5257,42689
2044,2405,2343,2516,4519,38991
2713,2984,2722,2960,6554,54457
525,1008,955,957,1855,17596
2062,2760,2775,2534,5000,39539
1212,1496,1545,1590,3682,29048
3637,4447,3813,3701,8522,67196
4070,7341,15967,19385,28520,154710
802,907,1096,1070,2095,17077
362,838,375,286,566,6495
3063,7089,5744,4059,5468,46487
12663,15522,16504,16561,31259,235410
723,918,1146,1266,1949,17582
267,467,242,181,770,5675
1769,2868,2828,2413,4272,41911
277,310,499,353,605,5495
1087,1695,1610,1653,3148,23580
566,662,757,954,1936,13843
335,415,568,559,866,8334
2139,3900,2715,1748,3693,28135
354,205,310,339,864,6788
7338,12179,11360,9759,14973,136255
8339,10495,4278,3345,5683,53064
1286,1277,1513,1665,2567,22353
1801,2281,158,165,199,7113
8030,13746,6036,4328,6962,79237
2252,2785,3240,3372,5993,41379
918,817,1288,1332,2806,16117
457,772,832,614,1582,13256
10435,16073,16394,14092,21229,180775
13847,35591,26982,19759,27672,245752
86,235,245,323,645,4043
1197,2631,2830,2107,3140,32037
668,781,502,658,1417,12022
4077,7555,8171,7324,11038,95536
3241,4922,1156,659,1393,17380
12428,21129,25938,19934,25341,220892
3978,6227,8034,7305,12709,99572
1879,2099,1567,1372,2676,25521
1269,1688,1591,1661,2912,24273
4242,5215,5620,6006,11590,88057
21425,34294,39120,35557,58110,450057
893,1278,1440,1345,2798,21620
2458,3638,949,730,912,14817
1637,2046,2101,1461,3390,27516
1206,1413,1246,1185,2178,19261
1075,1260,1174,1295,2382,22259
10132,12151,12636,13190,23086,190529
3978,4594,4732,4545,8425,75138
2915,3655,3842,3717,7054,73439
24111,27228,28996,29580,61530,457474
182,136,161,198,441,3999
5051,5847,6093,5915,12001,103590
2022,2424,2330,2524,4804,40585
388,411,320,272,827,7568
5378,5956,6734,7242,12023,89124
127,22,121,107,224,2226
5441,6652,6282,5947,11045,93420
3050,3908,4171,4160,8280,71454
3101,5728,5874,4651,8011,80323
936,1084,1346,1245,2508,30524
93659,132420,183174,183668,315613,2118119
12185,20878,18866,16941,29297,258903
3414,7192,2868,2218,4394,43726
901,1179,923,1136,2526,21172
3627,4276,4436,4262,8657,76012
501,420,386,503,1087,10344
2723,3310,3361,3576,6707,61569
1846,2214,2066,2282,4550,41377
715,955,897,984,1972,20940
723,373,664,519,1252,13066
41605,60736,66005,62002,108803,845193
596,550,610,632,1604,16221
5854,7250,7338,7507,13988,121725
577,542,473,633,1369,11498
36959,47766,54323,57295,107127,771904
25286,36126,37765,33533,58879,490764
2171,2097,1823,1972,4442,43858
12869,17094,19248,19276,35316,269885
170,232,121,160,355,4105
3872,5305,3927,3601,6695,59862
12373,23516,14141,13471,24787,212738
7163,10830,3958,2507,4057,47794
14547,17638,16574,15759,29529,248279
1091,1392,872,841,1887,16790
4863,6400,7500,7335,15232,111610
1183,1192,1233,1159,3203,23236
796,692,828,752,1642,14345
1259,1593,1175,1022,2597,23067
5345,9719,5977,6207,11210,96100
326,315,361,383,850,7450
458,444,393,446,1107,8901
412,600,438,480,1069,8570
2075,2312,2619,2432,5653,44602
631,847,526,575,1168,8305
469,664,588,547,1309,11673
1275,1875,1977,2005,4115,35523
1127,1225,1191,1151,2712,23412
1157,1473,1507,1512,3587,29921
546,673,759,796,1670,13812
3153,3785,3901,4417,8477,68438
1582,1534,1523,1677,3504,29123
3136,3251,3033,3328,7322,55673
8113,10902,11664,11352,22894,187827
597,920,890,1037,1975,16371
834,1163,1165,1150,2767,21241
1429,1843,1900,1946,4745,34428
708,970,1176,1165,2524,19707
3079,4632,3142,3291,6884,56575
1208,1737,1758,1650,3766,32006
1215,1393,1496,1481,3354,27000
2809,3940,3708,3312,7102,60963
1635,1667,1480,1426,3118,27421
1050,1337,1543,1432,3238,25150
7916,17140,10002,7806,11840,103715
433,725,648,647,1508,13517
826,819,875,786,1995,17510
935,1345,1402,1344,3107,25496
2518,3006,2401,2298,4798,42906
277,401,318,307,701,7138
340,507,424,449,1004,7527
278,426,453,462,937,8574
1313,1839,2270,2215,4414,33760
2793,2775,2972,3619,7640,56644
3016,4413,4941,4497,10262,77097
1311,1767,1860,1784,3351,29152
416,521,474,510,1149,10005
639,672,686,705,1730,14348
521,582,738,746,1697,13210
661,969,1010,1002,2188,16977
331,393,325,338,756,7035
388,481,439,411,1033,8949
1437,1949,1381,1313,2758,24604
1922,2281,2215,2187,5153,41063
356,454,409,407,1002,8637
802,855,797,767,1755,15793
294,280,225,309,759,5800
3849,4930,4822,4934,10289,86016
1082,1151,1163,1106,2918,22130
659,830,897,954,2068,20111
940,1062,809,842,1675,15779
2059,2419,2314,2619,4960,45358
612,654,551,681,1370,15004
13798,17419,17547,17771,32452,258004
617,667,666,716,1407,13243
578,598,589,644,1443,15239
2610,2652,2390,2920,6787,49737
2883,3333,3675,4243,7697,63445
1923,1830,1641,1827,3747,34513
2748,3000,3111,3452,7097,56790
792,892,807,900,1650,16313
28733,55190,40992,40509,67423,522837
3894,4937,5279,5652,11098,87833
1043,1137,1139,1323,2853,27443
2044,2803,2798,2832,5042,43503
3702,5761,2518,2612,4682,44260
6952,12726,7151,6786,11162,102388
146,169,178,193,387,4354
5070,6397,5605,6397,12117,102082
406,553,456,403,926,9035
4233,6289,2892,2637,5026,51742
1599,1956,1794,2168,4563,36869
876,820,865,986,1943,18745
1106,1115,1262,1332,2749,23576
183,209,234,240,557,5748
883,1120,1304,1269,2391,20531
5280,5378,4599,5201,10574,84586
1103,1333,1401,1508,3091,26427
10064,11471,10691,10618,21358,167886
990,1053,931,1106,2485,20378
8082,13931,7592,7343,12947,117582
887,895,862,1034,1752,16755
897,917,844,994,1993,19190
1398,1390,1224,1394,3248,27994
3991,4292,4064,4470,9093,79680
6824,7905,7677,8524,16431,135293
1934,2047,1926,2122,4206,40712
632,630,642,751,1495,15164
359,312,272,230,395,4506
51074,69784,82180,73809,120273,956586
2222,2305,2357,3051,5277,45303
1729,1751,1677,1950,4307,37465
1365,1635,1598,1722,3412,35352
9391,11818,11556,12576,23448,183288
5159,5215,3771,4416,9950,87817
327,365,326,372,778,7282
3260,4450,2172,2370,4699,41226
2061,2157,1944,2416,4961,43328
5005,8364,4273,4005,7471,70371
645,557,463,594,1402,13566
9845,11886,11266,11880,23580,195101
866,990,798,863,1888,17626
7967,10189,9393,10301,19982,161226
618,679,533,627,1432,14211
4492,4499,4466,5696,12213,87142
3162,3338,3528,3999,7898,63340
605,743,712,741,1568,16384
1808,2076,2046,2191,4552,41136
5856,6719,6189,7161,13756,115094
946,993,907,1069,2341,20344
1389,1561,1508,1767,3550,29510
1529,1443,1369,1540,3189,30378
722,877,855,831,1849,21465
6205,9689,5237,5632,11592,102917
601,633,600,736,1560,15638
6734,6902,6387,7758,16577,133967
21258,21338,18974,22285,47951,396731
2505,2659,2464,2881,5958,51651
964,1080,1174,1271,2417,24170
9348,15248,11300,11067,20160,169540
3314,3921,3817,4395,8124,73427
2903,8449,3732,2536,3655,37944
696,559,619,659,1259,11920
2316,3124,3808,3998,6669,48116
669,1042,1037,1047,1975,15689
728,748,813,916,1599,14166
304,341,374,499,715,7347
2061,2390,2421,2602,4470,40354
725,848,824,721,1452,13479
160,103,236,223,523,4741
249,432,272,455,1063,8562
4924,6889,7467,7077,11380,97031
954,792,892,1120,2386,18791
4025,5274,6004,6254,10475,81023
177,177,176,213,237,2479
1859,1616,1566,1838,3028,29276
460,370,371,501,821,8703
1470,1630,1619,1832,3588,29964
498,225,569,634,1585,10037
2312,3058,3314,3531,6016,44527
675,1162,2308,2078,3627,22923
1009,1241,1154,1396,2737,20758
452,399,377,474,965,8253
203,467,402,439,863,7117
1014,1278,1171,1126,2169,18525
2136,2780,2547,2350,4942,39470
3122,3724,3449,3337,7063,55722
1586,1844,1726,1636,3452,26855
1141,1772,1604,1393,2700,24008
1643,1942,1673,1621,3645,27892
5058,6375,5635,5130,11370,89550
1138,1271,1131,1163,2467,18504
1347,1764,1607,1570,3485,24583
1845,2373,2168,1877,3343,29237
10136,13643,13499,12188,22684,188614
2631,3223,2771,2631,6683,49726
7348,9393,8598,8267,17580,134269
1819,2377,2024,1886,4315,32936
2536,3372,2980,2676,6592,46779
8893,11646,10263,9503,20767,161684
1434,1849,1810,1634,2923,25595
2298,3207,2968,2668,5651,45431
582,987,777,670,1504,12238
985,1227,1143,1041,1919,17325
2200,2927,2737,2566,5339,41181
2266,2493,2485,2534,5513,39796
1100,1491,1423,1317,2384,19914
2053,2559,2358,2219,4254,34933
40,70,171,149,134,1494
2291,2379,2056,2240,5722,37722
1820,2453,2095,1748,4165,33075
810,1018,667,692,1673,12140
904,1172,1026,982,2103,17327
2688,3193,3135,2795,5560,42623
1066,1293,1266,1182,2422,19578
4378,6113,5762,5749,11448,90773
2663,3257,2956,3050,7265,47074
2241,2750,2621,2550,5454,40978
759,962,846,842,2086,16474
3064,3665,3276,3101,7039,54736
2389,2936,2661,2592,5872,43314
1162,1115,1067,963,1915,15297
2985,3578,3103,2804,6305,47952
2432,2874,2671,2718,5976,39704
1320,1649,1408,1240,2825,23893
1547,1895,1779,1696,3380,27321
463,646,584,510,1029,8874
2175,2536,2481,2584,5608,38253
1549,2111,1978,1695,3316,27242
1184,1357,1127,1037,2444,18952
2363,2801,2459,2394,4940,40705
357,443,302,329,816,6180
670,737,679,593,1355,11297
5596,8989,4799,4295,7762,79615
2222,2639,2500,2396,4936,37676
2070,2421,2295,2047,4047,31785
1663,1896,1782,1804,3758,26584
1626,2150,2044,1812,3386,29112
1466,1742,1461,1299,2592,21906
903,1249,1081,958,1966,17769
1231,1612,1546,1326,2591,21661
8483,11240,10067,8830,17199,148863
1393,1712,1562,1503,3127,24548
794,826,728,770,1918,14526
3099,3813,3445,3109,6831,51768
1470,1607,1368,1309,2960,23610
1855,2067,1769,1778,3736,29239
1939,2466,1930,1721,3687,32937
19250,24950,23522,21701,42566,355181
1978,2713,2482,2453,4916,38689
2012,2392,2158,2191,4822,38970
1438,1647,1342,1379,3451,22475
5087,5583,5064,4673,10676,74169
4610,5792,5568,5403,10704,81905
3938,4868,4454,4385,9360,69478
1718,2098,1889,1674,3392,30209
2190,2748,2621,2450,5059,38589
3109,3799,3538,3361,6863,54754
284,555,523,751,1070,8931
1687,1843,1548,1327,2779,23659
1899,2455,2146,1906,4355,35025
2074,2386,2227,2097,4646,37585
