,Actual Uemployment rate,Predicted Unemployement Rate
0,5.2,6.4
1,5.5,6.1
2,12.4,13.7
3,8.2,7.0
4,4.9,6.7
5,12.1,14.6
6,7.6,9.4
7,10.1,9.6
8,6.4,7.7
9,5.3,6.4
10,6.7,8.0
11,9.8,11.2
12,15.2,14.6
13,6.4,7.8
14,7.8,7.3
15,6.0,6.2
16,6.9,7.4
17,14.5,16.9
18,11.3,12.3
19,10.7,8.6
20,6.4,8.1
21,5.8,6.2
22,10.4,8.9
23,13.7,13.6
24,5.1,6.8
25,7.3,6.9
26,13.7,12.3
27,7.6,7.4
28,8.4,8.0
29,8.2,8.3
30,8.9,9.3
31,14.8,17.2
32,11.7,11.5
33,6.7,6.6
34,7.6,7.3
35,7.7,8.1
36,7.7,7.9
37,7.9,8.6
38,6.6,6.2
39,7.2,8.1
40,5.7,6.8
41,7.1,6.4
42,11.2,12.0
43,14.5,13.6
44,6.5,6.7
45,12.8,10.0
46,5.5,7.8
47,6.5,7.2
48,7.5,8.4
49,21.6,16.1
50,7.6,8.1
51,6.5,7.9
52,11.8,12.0
53,12.2,11.2
54,8.7,9.1
55,5.8,8.3
56,9.7,9.6
57,5.8,6.9
58,4.3,4.6
59,13.4,14.6
60,10.0,10.6
61,9.2,7.8
62,6.7,6.6
63,10.0,9.3
64,11.0,15.1
65,17.2,16.2
66,9.4,7.8
67,2.4,4.4
68,1.9,2.1
69,5.8,5.6
70,19.3,17.0
71,6.8,5.7
72,1.9,3.6
73,11.4,12.5
74,8.0,6.1
75,2.7,2.6
76,11.7,10.6
77,4.8,4.5
78,8.6,7.1
79,7.0,6.7
80,5.3,4.7
81,28.8,25.0
82,13.2,10.5
83,9.8,7.8
84,16.6,15.9
85,9.5,8.9
86,20.1,19.2
87,4.8,5.9
88,13.5,12.0
89,5.0,3.9
90,7.9,5.2
91,12.5,7.2
92,7.5,7.8
93,7.0,6.5
94,6.5,7.2
95,19.7,16.6
96,14.1,18.2
97,7.6,7.4
98,8.3,8.7
99,11.7,10.5
100,12.2,11.3
101,7.6,7.0
102,9.5,8.9
103,6.0,6.7
104,10.1,10.1
105,16.3,16.9
106,8.4,8.3
107,7.8,8.8
108,8.7,9.5
109,7.3,7.7
110,10.9,10.1
111,8.5,6.9
112,9.9,9.1
113,5.8,5.5
114,3.1,3.6
115,6.1,6.5
116,9.4,8.1
117,5.7,6.2
118,5.1,5.1
119,10.1,10.4
120,4.5,7.4
121,5.3,7.9
122,5.5,7.5
123,6.6,8.0
124,9.5,8.7
125,7.1,7.0
126,6.0,6.3
127,6.2,6.5
128,8.4,8.8
129,6.8,7.3
130,6.4,7.0
131,12.2,14.1
132,9.0,11.2
133,5.1,5.8
134,6.6,8.8
135,6.9,6.8
136,9.0,7.6
137,8.7,7.1
138,7.0,6.7
139,6.4,7.4
140,6.2,6.4
141,5.7,7.1
142,6.0,5.7
143,9.6,7.6
144,7.0,7.2
145,10.0,9.7
146,4.7,5.7
147,8.3,10.1
148,8.2,6.1
149,15.3,13.5
150,8.1,10.5
151,10.3,7.2
152,8.1,6.8
153,4.8,5.0
154,4.5,6.4
155,7.7,8.3
156,8.0,8.0
157,11.6,9.9
158,9.1,11.1
159,4.4,4.7
160,4.8,8.3
161,4.0,4.7
162,8.3,7.8
163,6.5,6.2
164,15.7,14.6
165,5.1,5.8
166,5.4,8.2
167,8.5,8.1
168,7.3,6.4
169,7.6,5.4
170,5.9,6.6
171,3.5,5.3
172,10.0,10.1
173,4.3,4.3
174,10.6,8.2
175,3.6,5.4
176,5.6,6.0
177,6.6,7.9
178,6.7,7.7
179,8.3,6.3
180,8.3,8.0
181,8.3,8.8
182,4.9,5.6
183,6.2,5.9
184,10.1,9.9
185,6.3,6.5
186,6.0,6.7
187,14.6,9.3
188,9.3,10.1
189,9.1,9.5
190,7.1,9.1
191,5.9,8.0
192,6.9,7.2
193,9.5,9.7
194,8.1,8.0
195,10.4,10.7
196,9.2,9.7
197,8.9,8.8
198,16.0,13.2
199,5.2,5.8
200,10.9,10.2
201,9.7,10.3
202,11.2,11.5
203,7.5,8.4
204,7.8,8.3
205,8.3,7.3
206,4.5,4.7
207,10.0,9.2
208,10.4,9.5
209,14.6,12.4
210,7.5,6.8
211,3.6,9.2
212,6.0,6.9
213,5.4,5.7
214,7.3,7.3
215,5.8,6.1
216,5.6,6.2
217,9.4,10.6
218,9.9,10.1
219,8.8,9.3
220,8.8,9.0
221,9.9,10.1
222,7.1,6.9
223,5.4,5.8
224,10.1,10.6
225,4.8,5.6
226,4.7,5.1
227,6.6,6.6
228,5.7,5.4
229,6.7,6.4
230,6.8,8.3
231,5.3,6.1
232,9.1,9.8
233,8.5,8.9
234,5.9,6.3
235,11.8,11.3
236,10.5,9.9
237,10.1,10.3
238,9.6,7.5
239,10.0,10.2
240,7.9,9.5
241,6.6,6.6
242,7.2,7.5
243,9.9,11.4
244,5.1,6.4
245,9.9,8.8
246,5.2,5.6
247,5.4,5.7
248,4.5,4.0
249,9.3,7.3
250,5.2,4.6
251,4.0,3.7
252,2.5,4.2
253,8.1,5.8
254,3.2,4.0
255,9.4,7.8
256,9.1,11.2
257,21.4,18.2
258,8.7,9.4
259,8.5,8.3
260,4.5,5.4
261,0.4,4.2
262,3.3,2.8
263,2.7,3.5
264,3.6,4.8
265,6.8,6.3
266,6.2,7.2
267,5.4,5.4
268,3.3,3.7
269,4.6,4.6
270,7.3,5.8
271,4.1,2.5
272,7.9,10.3
273,1.8,2.1
274,4.3,4.4
275,3.1,2.2
276,5.3,4.3
277,5.7,5.0
278,4.4,4.2
279,5.3,5.1
280,7.8,7.2
281,3.7,5.1
282,6.2,6.9
283,8.0,6.6
284,1.6,1.8
285,3.6,4.7
286,5.9,7.8
287,8.0,7.6
288,4.5,4.5
289,9.3,8.3
290,5.9,4.7
291,4.6,4.6
292,2.0,3.8
293,4.3,5.1
294,8.4,7.2
295,9.3,8.6
296,6.3,3.3
297,8.8,6.6
298,3.1,3.3
299,7.7,7.5
300,9.8,8.3
301,3.8,4.3
302,6.8,5.3
303,3.3,3.8
304,6.7,5.9
305,4.2,3.6
306,5.3,5.2
307,2.4,2.5
308,7.6,6.8
309,7.4,6.9
310,6.0,5.0
311,5.1,4.5
312,7.7,7.2
313,7.0,6.2
314,5.8,4.9
315,7.6,6.9
316,6.7,6.9
317,6.5,6.0
318,6.1,6.2
319,8.0,8.5
320,6.6,7.4
321,5.8,7.7
322,6.4,7.2
323,7.6,10.0
324,7.6,8.2
325,7.6,8.3
326,8.6,8.0
327,8.9,8.1
328,9.9,9.8
329,8.1,8.2
330,5.3,6.4
331,9.5,11.0
332,6.1,9.1
333,6.2,7.2
334,7.4,8.3
335,7.2,7.7
336,6.5,7.5
337,7.9,7.8
338,8.5,10.4
339,7.4,8.9
340,10.0,10.1
341,5.4,8.1
342,12.7,12.5
343,9.1,9.4
344,8.2,10.4
345,8.8,10.2
346,11.5,10.1
347,6.8,7.6
348,11.5,12.2
349,8.2,8.9
350,11.2,10.6
351,7.2,7.8
352,12.8,10.9
353,7.2,7.8
354,7.1,8.2
355,8.8,8.9
356,8.5,9.5
357,9.6,8.8
358,8.1,11.0
359,6.6,6.9
360,9.0,9.5
361,6.5,7.2
362,7.4,9.0
363,3.7,5.2
364,5.7,7.4
365,6.1,5.8
366,9.0,9.7
367,6.8,7.9
368,6.6,8.8
369,7.4,7.6
370,7.0,7.6
371,6.4,6.9
372,7.7,8.6
373,10.3,10.9
374,5.3,5.2
375,7.6,9.9
376,6.3,6.4
377,5.7,6.3
378,6.6,7.3
379,6.6,6.7
380,9.1,9.1
381,5.9,7.7
382,9.8,9.5
383,6.7,7.6
384,6.9,7.6
385,5.7,7.0
386,10.1,9.7
387,7.7,7.4
388,8.4,7.4
389,3.1,5.2
390,2.5,7.1
391,9.0,8.5
392,6.6,6.9
393,6.8,8.2
394,6.0,7.1
395,5.2,9.0
396,9.4,10.7
397,10.4,10.9
398,7.7,5.7
399,7.8,9.0
400,13.6,13.0
401,7.9,7.4
402,9.3,8.9
403,5.8,8.5
404,7.6,9.2
405,14.9,8.5
406,8.2,6.9
407,6.3,8.6
408,9.4,9.6
409,5.4,6.2
410,10.4,11.2
411,8.7,8.2
412,15.2,11.0
413,9.5,8.3
414,4.9,5.4
415,7.6,9.1
416,20.3,16.6
417,10.3,12.1
418,9.1,10.3
419,6.0,6.6
420,5.7,7.6
421,7.2,7.9
422,5.8,5.6
423,5.8,6.9
424,5.4,6.1
425,12.6,9.0
426,14.8,12.8
427,4.8,5.8
428,6.1,6.6
429,6.5,7.1
430,8.5,9.6
431,9.0,8.6
432,10.5,9.8
433,15.8,14.5
434,7.9,8.8
435,8.7,9.0
436,5.5,9.4
437,5.0,5.1
438,7.7,8.9
439,10.3,11.4
440,6.6,9.1
441,8.3,9.0
442,5.5,5.7
443,7.5,8.5
444,4.2,4.6
445,6.3,7.6
446,7.7,8.3
447,7.4,8.3
448,3.3,5.7
449,6.7,7.9
450,5.7,7.0
451,8.0,9.4
452,6.5,7.1
453,5.8,7.1
454,5.5,6.7
455,4.6,6.5
456,4.0,12.9
457,7.2,9.6
458,8.5,6.0
459,4.7,5.8
460,9.6,9.7
461,7.7,8.4
462,7.8,8.0
463,7.4,6.7
464,6.5,6.5
465,7.2,10.0
466,5.0,6.4
467,8.5,13.4
468,6.3,9.7
469,11.4,8.1
470,8.7,7.7
471,11.4,12.0
472,10.6,12.2
473,5.1,7.3
474,7.1,5.7
475,11.9,10.3
476,6.0,8.7
477,17.2,12.1
478,9.2,10.8
479,6.0,7.4
480,8.1,8.9
481,9.2,8.2
482,16.8,14.8
483,8.0,7.2
484,10.0,11.6
485,8.1,10.8
486,5.7,6.8
487,15.2,11.4
488,9.4,8.1
489,6.6,6.4
490,5.7,5.9
491,7.4,8.7
492,10.0,9.5
493,9.0,9.8
494,4.4,3.5
495,5.8,5.3
496,5.2,7.2
497,8.6,9.3
498,7.0,6.4
499,6.2,7.6
500,9.0,8.0
501,7.2,8.3
502,6.7,7.2
503,6.5,6.0
504,12.1,9.8
505,5.7,6.5
506,8.9,10.3
507,11.6,10.5
508,8.7,9.4
509,14.2,9.9
510,5.5,9.0
511,7.3,8.5
512,8.3,10.4
513,11.7,8.2
514,11.8,13.6
515,10.6,12.4
516,8.2,9.2
517,9.5,11.4
518,4.0,7.7
519,14.1,15.6
520,4.1,5.8
521,10.4,13.0
522,9.3,8.8
523,3.9,6.7
524,10.3,8.5
525,6.8,7.6
526,5.6,5.9
527,8.9,9.6
528,6.5,10.7
529,6.3,7.8
530,5.5,9.0
531,11.2,9.3
532,7.0,7.1
533,6.9,6.9
534,4.6,7.2
535,8.2,13.3
536,9.3,10.7
537,9.5,9.2
538,4.0,6.2
539,9.1,9.4
540,4.3,6.3
541,8.0,8.0
542,7.6,6.9
543,7.5,8.5
544,8.8,7.6
545,9.7,8.5
546,6.8,8.1
547,4.5,5.5
548,0.0,2.9
549,4.4,5.1
550,4.9,6.3
551,4.3,5.0
552,8.7,8.0
553,6.3,6.1
554,3.7,3.5
555,9.6,7.8
556,5.2,5.7
557,3.7,3.8
558,6.0,7.8
559,4.4,5.1
560,3.8,4.4
561,3.8,4.6
562,6.7,5.3
563,4.4,5.6
564,7.3,7.4
565,2.7,1.4
566,4.3,4.5
567,5.0,4.5
568,6.2,5.8
569,4.7,3.8
570,7.3,6.3
571,2.4,4.2
572,5.9,4.8
573,6.0,10.6
574,5.5,3.6
575,5.4,5.0
576,4.6,4.5
577,4.6,5.4
578,6.1,6.1
579,7.2,6.5
580,4.4,5.2
581,5.9,5.6
582,3.1,4.9
583,9.2,8.8
584,3.9,4.5
585,4.2,5.1
586,5.4,5.0
587,6.2,9.2
588,6.1,7.5
589,10.2,6.4
590,8.9,8.6
591,6.2,5.9
592,4.3,4.8
593,4.3,4.0
594,9.3,7.1
595,5.5,5.3
596,8.2,12.4
597,5.1,5.7
598,8.1,7.1
599,4.7,4.6
600,5.7,5.8
601,3.7,5.0
602,5.8,5.9
603,6.9,6.3
604,5.2,6.0
605,4.6,4.7
606,6.5,6.4
607,5.0,5.2
608,3.9,4.0
609,7.3,7.7
610,8.7,8.9
611,6.2,5.0
612,5.0,5.7
613,8.6,8.3
614,6.6,6.3
615,5.4,4.8
616,5.2,5.2
617,7.4,6.9
618,6.1,5.9
619,4.4,4.2
620,7.4,8.0
621,6.6,6.6
622,8.9,8.1
623,7.7,6.4
624,7.8,6.3
625,6.7,7.5
626,5.8,5.9
627,4.0,4.3
628,6.6,5.1
629,22.2,12.6
630,6.0,5.3
631,5.1,4.7
632,6.5,6.1
633,8.4,9.1
634,4.4,4.6
635,8.5,7.4
636,6.3,6.0
637,4.3,4.2
638,7.5,7.7
639,6.2,6.0
640,7.5,7.7
641,5.0,4.8
642,6.3,6.2
643,6.3,6.0
644,8.3,7.3
645,5.4,5.2
646,5.9,5.7
647,5.5,5.1
648,5.6,5.8
649,8.6,7.8
650,5.4,6.1
651,3.9,4.8
652,9.2,8.2
653,8.2,7.2
654,7.4,6.9
655,8.7,7.5
656,6.2,5.1
657,8.0,7.3
658,7.9,7.3
659,4.6,4.8
660,6.5,4.9
661,4.4,3.9
662,5.8,5.0
663,6.1,6.5
664,3.0,4.0
665,6.5,5.9
666,8.3,7.1
667,6.7,6.4
668,4.5,4.5
669,6.7,4.9
670,9.1,7.6
671,10.4,11.8
672,5.2,6.6
673,4.4,5.4
674,6.3,4.6
675,7.1,6.3
676,7.8,7.7
677,11.3,10.0
678,6.9,6.4
679,6.9,5.5
680,8.8,7.1
681,4.4,4.8
682,4.8,5.8
683,8.0,7.6
684,5.1,4.2
685,5.3,5.9
686,8.3,8.4
687,7.6,6.2
688,6.6,6.6
689,4.4,4.3
690,4.8,4.7
691,8.2,6.6
692,6.0,5.9
693,6.0,6.1
694,6.9,5.9
695,10.0,8.6
696,4.7,4.3
697,5.2,5.4
698,6.3,6.3
699,5.0,4.1
700,4.2,4.7
701,6.8,6.9
702,3.3,2.6
703,5.9,5.1
704,5.2,5.9
705,6.4,6.3
706,5.7,5.3
707,4.9,6.0
708,5.2,5.4
709,4.3,5.9
710,5.4,4.5
711,5.8,5.9
712,4.8,4.4
713,4.6,5.3
714,7.9,8.2
715,2.9,2.6
716,5.6,5.7
717,7.5,8.9
718,5.1,5.4
719,6.3,6.1
720,5.3,4.7
721,3.8,4.7
722,3.5,3.4
723,7.6,7.0
724,6.2,5.7
725,3.3,3.0
726,4.0,4.1
727,6.6,6.2
728,4.5,3.8
729,7.0,8.0
730,6.5,7.0
731,3.9,5.3
732,6.2,5.7
733,5.2,4.7
734,6.1,6.1
735,6.9,6.6
736,6.0,7.1
737,4.6,4.7
738,5.4,5.0
739,4.6,4.7
740,2.9,3.9
741,8.5,8.5
742,8.0,7.6
743,5.2,5.0
744,6.8,7.5
745,8.0,8.4
746,6.8,5.8
747,4.2,4.8
748,7.8,7.1
749,6.3,6.4
750,4.4,5.0
751,5.7,5.7
752,7.1,7.1
753,5.7,5.8
754,3.3,5.3
755,4.6,5.4
756,6.3,6.5
757,6.3,6.2
758,3.9,4.7
759,3.8,3.9
760,5.7,5.5
761,3.4,3.9
762,6.9,5.1
763,5.1,5.6
764,5.6,6.2
765,5.7,5.4
766,4.7,5.9
767,6.4,6.9
768,5.6,7.7
769,4.9,5.9
770,5.7,4.2
771,7.6,8.5
772,4.9,5.0
773,5.9,5.5
774,6.6,8.1
775,5.2,5.7
776,3.8,4.4
777,3.9,5.7
778,5.2,5.5
779,5.1,5.2
780,7.9,7.3
781,5.5,5.2
782,4.7,4.0
783,3.4,3.6
784,7.0,7.3
785,6.5,7.0
786,3.0,3.4
787,4.4,4.5
788,3.6,4.0
789,3.0,2.4
790,4.2,2.3
791,3.3,4.2
792,6.3,5.2
793,2.7,2.2
794,3.6,3.3
795,5.3,5.1
796,4.4,3.5
797,3.6,2.6
798,3.2,2.7
799,4.9,2.8
800,3.2,3.0
801,2.3,3.4
802,2.5,2.3
803,2.5,2.9
804,3.0,2.0
805,4.1,3.2
806,3.3,2.8
807,2.5,2.5
808,4.4,4.1
809,3.4,2.9
810,3.0,3.0
811,4.2,3.8
812,6.2,3.9
813,2.4,1.6
814,3.5,3.4
815,5.0,6.1
816,2.5,2.5
817,5.6,4.9
818,3.0,2.4
819,3.9,3.3
820,3.9,3.4
821,3.5,3.7
822,2.7,3.1
823,4.6,3.3
824,3.1,2.9
825,6.2,3.7
826,2.9,2.4
827,3.5,4.0
828,2.3,2.5
829,1.7,1.1
830,2.5,3.1
831,1.7,3.0
832,5.5,3.7
833,2.9,2.3
834,3.3,3.6
835,3.2,2.6
836,2.1,1.7
837,4.7,3.4
838,4.6,3.9
839,6.7,4.8
840,3.3,3.5
841,4.2,3.5
842,5.3,3.6
843,2.1,1.5
844,7.6,6.3
845,3.8,3.5
846,4.1,3.5
847,4.2,4.1
848,2.4,1.2
849,5.2,3.8
850,5.6,5.6
851,3.6,2.7
852,5.3,4.4
853,3.2,3.0
854,3.6,2.0
855,3.2,4.6
856,5.6,4.3
857,6.7,6.8
858,3.5,3.2
859,2.3,2.0
860,1.7,2.5
861,3.9,3.7
862,1.3,1.9
863,2.9,2.5
864,3.5,3.6
865,4.7,4.4
866,4.7,3.9
867,4.6,3.4
868,5.0,3.3
869,4.0,2.8
870,4.2,4.1
871,3.7,2.2
872,2.2,1.0
873,4.4,4.9
874,3.8,4.5
875,2.8,3.1
876,4.3,3.9
877,4.8,4.8
878,6.3,5.9
879,3.8,3.3
880,3.6,3.1
881,2.6,3.6
882,5.7,6.0
883,7.0,3.9
884,2.0,2.0
885,4.8,4.2
886,6.2,3.4
887,5.8,3.9
888,3.6,5.2
889,4.2,4.7
890,6.3,6.0
891,2.5,2.9
892,4.2,5.4
893,2.2,3.4
894,3.4,4.0
895,4.5,4.2
896,4.8,2.6
897,6.2,4.3
898,5.4,4.7
899,1.7,1.7
900,1.5,1.4
901,3.3,1.8
902,5.0,4.8
903,3.7,3.9
904,1.8,3.3
905,5.2,5.6
906,5.4,5.0
907,2.8,3.5
908,5.4,5.0
909,4.5,4.6
910,4.7,5.4
911,2.9,1.8
912,6.9,4.3
913,2.8,3.9
914,3.0,3.4
915,4.7,4.1
916,6.3,4.9
917,5.4,5.2
918,8.0,7.0
919,1.2,1.3
920,1.7,2.4
921,4.6,4.8
922,2.8,1.9
923,1.1,2.0
924,3.9,3.2
925,1.9,1.6
926,3.7,3.6
927,2.9,3.3
928,3.6,3.1
929,2.8,1.6
930,5.6,3.9
931,5.8,5.0
932,2.2,2.3
933,3.5,2.9
934,3.9,1.7
935,4.7,3.8
936,3.0,2.6
937,4.7,4.6
938,3.5,2.2
939,4.2,4.5
940,6.0,4.1
941,5.8,6.9
942,3.0,2.7
943,5.8,5.8
944,2.5,2.0
945,3.9,3.7
946,4.1,2.1
947,2.8,2.2
948,4.4,4.1
949,3.8,2.1
950,5.8,6.7
951,2.3,2.6
952,8.7,3.9
953,1.8,1.6
954,2.9,4.6
955,2.6,1.7
956,2.5,1.8
957,7.0,6.2
958,2.8,3.2
959,3.3,3.9
960,1.2,1.6
961,1.8,2.8
962,3.9,2.9
963,4.1,3.8
964,1.5,1.6
965,5.0,4.6
966,2.6,2.7
967,6.5,4.4
968,5.6,5.3
969,3.4,3.1
970,4.9,3.5
971,4.8,4.7
972,4.2,3.8
973,5.4,3.0
974,5.6,5.5
975,7.3,6.8
976,5.4,5.3
977,2.1,0.5
978,4.1,3.5
979,3.0,2.6
980,3.7,2.8
981,2.1,1.9
982,4.5,2.9
983,5.1,5.1
984,1.9,2.2
985,0.8,1.0
986,4.3,4.3
987,5.4,3.4
988,2.2,2.4
989,2.3,1.4
990,5.1,5.1
991,5.5,4.4
992,8.3,9.1
993,6.2,6.5
994,7.5,7.3
995,6.3,5.6
996,4.7,5.6
997,7.6,6.6
998,7.8,10.5
999,9.0,10.6
1000,4.9,4.3
1001,6.9,7.6
1002,9.3,8.2
1003,4.9,5.7
1004,7.6,7.4
1005,11.9,11.2
1006,9.8,8.7
1007,5.9,5.8
1008,5.4,5.7
1009,6.9,6.8
1010,5.7,7.6
1011,5.4,5.6
1012,7.0,5.9
1013,10.3,10.3
1014,10.0,9.2
1015,7.5,8.0
1016,8.0,9.7
1017,6.7,6.2
1018,9.1,13.7
1019,7.4,7.2
1020,4.4,5.9
1021,5.1,7.9
1022,6.0,5.6
1023,9.3,7.7
1024,5.0,7.7
1025,12.4,10.2
1026,6.1,6.1
1027,9.5,7.9
1028,11.6,8.9
1029,7.2,6.6
1030,7.6,9.8
1031,6.0,5.4
1032,8.9,8.9
1033,4.9,6.6
1034,7.7,6.3
1035,6.4,8.1
1036,5.1,7.4
1037,8.7,7.6
1038,6.2,4.9
1039,6.4,6.7
1040,10.7,9.3
1041,6.9,6.5
1042,6.6,8.2
1043,4.8,6.7
1044,6.5,6.1
1045,8.5,6.5
1046,5.9,5.8
1047,8.6,10.5
1048,6.4,6.8
1049,6.9,7.0
1050,9.2,8.0
1051,5.3,6.0
1052,13.6,12.2
1053,10.7,12.6
1054,6.3,7.0
1055,9.9,9.8
1056,7.8,7.5
1057,10.3,10.6
1058,14.6,13.7
1059,12.2,10.4
1060,7.0,7.6
1061,8.7,8.6
1062,5.9,5.7
1063,6.2,6.3
1064,3.4,6.1
1065,4.9,5.4
1066,15.8,15.5
1067,7.1,6.9
1068,6.9,7.1
1069,10.3,10.0
1070,9.4,7.0
1071,6.3,5.6
1072,15.4,15.8
1073,5.8,5.8
1074,8.2,8.4
1075,5.4,10.8
1076,9.1,8.5
1077,5.8,6.6
1078,7.7,7.6
1079,7.9,8.5
1080,8.1,8.5
1081,9.6,8.1
1082,5.9,6.9
1083,6.8,7.6
1084,10.0,7.8
1085,3.5,3.4
1086,5.3,6.9
1087,12.5,8.6
1088,4.8,5.6
1089,13.1,10.8
1090,10.9,9.0
1091,5.4,7.5
1092,8.6,7.9
1093,5.9,7.2
1094,9.7,8.6
1095,4.5,6.5
1096,9.4,9.1
1097,4.8,5.1
1098,4.4,4.9
1099,5.1,5.9
1100,5.6,4.9
1101,7.6,8.0
1102,6.9,7.0
1103,10.4,6.7
1104,10.5,10.3
1105,7.3,7.0
1106,5.6,6.6
1107,5.7,5.4
1108,10.1,9.7
1109,6.1,6.4
1110,9.2,8.6
1111,10.5,9.8
1112,3.8,4.2
1113,8.9,8.7
1114,9.4,7.6
1115,6.3,5.5
1116,6.9,8.3
1117,7.7,8.7
1118,7.4,5.7
1119,7.4,9.2
1120,5.8,5.4
1121,7.0,7.2
1122,6.6,6.9
1123,9.4,9.1
1124,3.0,5.1
1125,5.6,7.5
1126,9.4,11.6
1127,9.2,10.7
1128,10.6,8.9
1129,6.9,7.1
1130,6.9,16.4
1131,6.1,6.6
1132,11.9,9.4
1133,8.8,10.2
1134,7.9,8.2
1135,11.2,8.9
1136,7.5,7.5
1137,6.2,7.3
1138,5.9,6.2
1139,9.1,8.0
1140,5.1,5.9
1141,7.0,6.3
1142,6.1,7.2
1143,8.8,10.5
1144,5.8,6.0
1145,12.3,14.1
1146,6.1,8.1
1147,13.6,11.0
1148,8.7,9.4
1149,7.0,7.7
1150,3.0,5.2
1151,8.3,7.6
1152,7.7,7.6
1153,4.7,8.4
1154,7.0,9.0
1155,9.5,9.2
1156,10.7,9.7
1157,7.3,6.3
1158,15.7,12.3
1159,8.2,8.9
1160,7.3,8.2
1161,5.5,7.2
1162,6.4,6.7
1163,8.5,9.7
1164,6.4,6.2
1165,8.9,9.4
1166,15.3,13.5
1167,6.1,5.9
1168,6.6,7.4
1169,7.3,7.4
1170,8.7,6.6
1171,12.3,12.3
1172,6.5,7.5
1173,5.7,6.2
1174,10.2,9.5
1175,4.5,7.0
1176,6.0,7.1
1177,5.2,5.8
1178,5.3,5.9
1179,4.0,4.2
1180,6.1,5.8
1181,5.7,5.6
1182,5.7,6.0
1183,4.7,4.3
1184,3.4,3.5
1185,6.3,7.0
1186,6.5,6.2
1187,7.8,7.8
1188,4.1,4.4
1189,8.8,7.4
1190,6.5,5.8
1191,7.9,7.5
1192,4.8,4.5
1193,9.0,7.8
1194,5.2,4.6
1195,5.5,5.6
1196,7.3,6.0
1197,6.5,7.5
1198,4.0,3.7
1199,5.8,5.6
1200,4.5,6.0
1201,8.3,8.3
1202,5.1,4.7
1203,4.8,5.1
1204,5.2,5.1
1205,4.2,3.5
1206,4.8,5.8
1207,5.4,4.8
1208,7.3,7.7
1209,3.7,4.4
1210,4.2,4.1
1211,10.2,7.8
1212,4.4,5.2
1213,6.8,6.7
1214,7.6,7.1
1215,7.1,7.2
1216,10.0,11.2
1217,5.5,5.0
1218,6.8,6.4
1219,6.9,6.9
1220,3.0,3.6
1221,6.0,6.0
1222,5.8,5.0
1223,8.0,7.8
1224,6.5,5.6
1225,4.8,4.6
1226,3.8,3.1
1227,5.5,5.1
1228,6.0,6.2
1229,7.1,8.1
1230,6.1,5.9
1231,9.3,8.9
1232,6.9,8.2
1233,3.6,4.8
1234,6.4,7.1
1235,6.1,7.3
1236,9.6,9.3
1237,6.0,7.0
1238,6.2,5.9
1239,7.4,7.6
1240,6.5,6.4
1241,7.3,7.5
1242,4.6,5.9
1243,7.4,7.9
1244,7.8,7.4
1245,6.2,5.9
1246,10.7,10.4
1247,9.0,9.8
1248,11.5,10.5
1249,4.3,5.0
1250,10.4,8.9
1251,6.5,7.1
1252,6.0,5.5
1253,5.8,6.0
1254,6.1,6.3
1255,10.8,10.4
1256,7.4,8.9
1257,6.7,7.7
1258,5.4,5.1
1259,7.4,7.2
1260,6.1,7.0
1261,6.8,6.3
1262,5.8,5.9
1263,8.1,7.7
1264,6.2,7.8
1265,9.6,9.0
1266,5.7,7.0
1267,8.4,9.7
1268,7.6,8.0
1269,6.6,7.3
1270,8.7,8.5
1271,5.4,6.2
1272,5.5,5.6
1273,11.6,10.8
1274,7.4,7.7
1275,6.3,5.2
1276,5.9,6.9
1277,4.6,4.6
1278,11.8,9.3
1279,10.5,10.2
1280,6.6,7.0
1281,8.0,8.6
1282,6.3,6.6
1283,7.6,7.9
1284,8.7,9.7
1285,5.9,6.5
1286,7.0,6.2
1287,7.0,8.1
1288,5.9,6.2
1289,7.0,8.8
1290,12.7,11.3
1291,8.9,9.2
1292,7.7,8.1
1293,5.3,5.7
1294,7.7,6.9
1295,10.0,9.5
1296,10.0,9.9
1297,7.2,8.2
1298,11.9,9.6
1299,6.4,6.6
1300,4.4,4.6
1301,11.4,9.4
1302,13.0,10.7
1303,8.2,8.8
1304,7.6,7.9
1305,5.3,6.6
1306,7.7,8.0
1307,13.9,11.9
1308,7.1,7.7
1309,7.4,7.5
1310,6.6,6.9
1311,5.4,6.0
1312,11.6,11.9
1313,7.2,7.3
1314,6.2,5.6
1315,4.2,4.5
1316,3.6,3.4
1317,8.7,9.0
1318,4.2,5.2
1319,2.8,2.6
1320,4.5,4.4
1321,2.3,2.1
1322,3.9,4.5
1323,2.4,2.6
1324,5.7,6.4
1325,2.0,2.2
1326,4.2,4.0
1327,2.8,3.6
1328,7.3,6.4
1329,2.6,3.6
1330,5.1,3.8
1331,3.5,4.2
1332,4.0,3.6
1333,2.9,2.4
1334,3.1,3.0
1335,2.8,3.1
1336,2.8,3.4
1337,4.1,3.7
1338,4.2,4.0
1339,4.8,2.9
1340,4.6,4.7
1341,3.1,3.4
1342,3.7,3.8
1343,5.1,5.4
1344,5.7,5.5
1345,3.9,2.0
1346,5.2,7.0
1347,3.0,3.6
1348,2.6,2.2
1349,6.9,6.1
1350,3.1,2.4
1351,3.8,3.2
1352,3.8,3.2
1353,3.9,3.8
1354,3.0,2.3
1355,3.6,3.9
1356,3.0,3.2
1357,9.2,9.9
1358,3.2,3.2
1359,3.1,2.7
1360,2.9,3.2
1361,6.6,6.0
1362,4.6,4.4
1363,5.0,4.8
1364,3.6,3.0
1365,3.8,3.0
1366,6.5,5.1
1367,3.3,3.9
1368,4.3,2.9
1369,3.6,3.2
1370,3.2,2.5
1371,5.9,6.1
1372,4.2,3.3
1373,3.6,3.7
1374,3.0,2.7
1375,5.5,5.6
1376,2.9,2.9
1377,3.0,3.2
1378,2.7,3.5
1379,3.6,4.0
1380,1.9,2.8
1381,2.6,1.8
1382,5.1,5.5
1383,3.5,3.2
1384,3.6,3.9
1385,4.5,3.7
1386,4.5,4.0
1387,4.5,3.5
1388,2.6,2.8
1389,3.3,3.0
1390,3.8,3.9
1391,3.2,2.6
1392,3.2,2.5
1393,5.8,4.3
1394,3.2,3.3
1395,3.5,3.2
1396,2.4,2.4
1397,1.4,1.9
1398,5.1,4.6
1399,3.6,3.7
1400,2.7,2.9
1401,10.9,10.8
1402,8.6,7.6
1403,10.8,10.8
1404,10.3,10.6
1405,13.7,12.7
1406,12.6,13.5
1407,8.4,9.0
1408,7.0,9.0
1409,7.6,10.2
1410,10.4,11.4
1411,17.7,16.0
1412,9.1,9.7
1413,11.3,12.9
1414,19.0,16.6
1415,12.3,12.0
1416,8.8,11.2
1417,6.1,6.2
1418,11.9,11.1
1419,7.4,7.8
1420,8.2,7.5
1421,11.7,9.7
1422,10.4,8.6
1423,8.7,8.3
1424,9.4,8.5
1425,10.0,9.6
1426,19.6,17.1
1427,21.1,20.6
1428,12.6,11.6
1429,6.1,7.5
1430,8.3,7.5
1431,5.7,8.1
1432,9.6,15.3
1433,10.7,12.3
1434,7.8,7.1
1435,6.8,10.4
1436,5.7,7.8
1437,9.2,7.3
1438,7.2,8.5
1439,9.3,9.2
1440,9.2,10.0
1441,6.3,6.8
1442,12.0,14.4
1443,7.5,7.6
1444,11.4,10.2
1445,5.1,5.0
1446,8.3,9.6
1447,6.2,7.7
1448,7.4,8.8
1449,9.1,8.4
1450,8.5,9.5
1451,7.7,9.4
1452,14.8,15.6
1453,9.5,11.1
1454,7.6,8.8
1455,10.0,9.8
1456,10.2,10.2
1457,7.7,9.8
1458,6.3,6.1
1459,7.0,8.8
1460,24.3,19.6
1461,4.5,4.7
1462,10.9,11.2
1463,14.9,16.6
1464,9.9,10.2
1465,4.7,5.5
1466,5.6,8.4
1467,17.6,16.0
1468,13.7,14.6
1469,7.7,8.8
1470,8.9,9.6
1471,10.8,8.2
1472,10.2,11.4
1473,8.3,8.5
1474,6.7,10.3
1475,7.9,7.7
1476,16.8,17.0
1477,10.4,8.8
1478,9.4,9.5
1479,12.5,11.0
1480,9.9,10.7
1481,5.3,6.3
1482,15.9,16.2
1483,5.5,7.1
1484,4.2,3.7
1485,4.1,3.4
1486,7.4,6.9
1487,8.0,8.6
1488,5.4,5.8
1489,5.2,5.5
1490,9.7,7.9
1491,5.1,4.6
1492,4.4,4.8
1493,5.7,6.1
1494,9.2,7.6
1495,3.8,4.8
1496,4.3,4.4
1497,8.0,7.2
1498,5.3,5.5
1499,8.2,7.0
1500,6.9,7.0
1501,4.9,5.2
1502,11.2,8.5
1503,3.7,3.5
1504,5.3,5.0
1505,4.6,3.9
1506,4.4,4.7
1507,3.8,4.9
1508,4.4,4.2
1509,5.0,4.8
1510,11.6,9.5
1511,9.3,6.8
1512,7.8,9.7
1513,3.5,4.8
1514,3.4,5.4
1515,7.3,7.5
1516,7.0,7.7
1517,6.9,7.5
1518,4.9,5.5
1519,3.4,4.8
1520,4.1,5.3
1521,5.0,5.9
1522,3.6,4.4
1523,3.3,5.2
1524,6.7,6.4
1525,9.6,10.0
1526,4.2,4.1
1527,4.6,5.3
1528,5.0,7.0
1529,8.6,9.2
1530,5.7,6.5
1531,5.5,5.3
1532,6.5,6.3
1533,6.9,6.4
1534,5.8,6.1
1535,7.7,6.8
1536,5.5,5.5
1537,6.2,5.7
1538,2.9,4.8
1539,6.3,7.3
1540,3.2,4.2
1541,3.4,4.8
1542,6.2,7.4
1543,7.4,6.7
1544,5.8,8.0
1545,7.7,7.8
1546,6.5,5.9
1547,3.5,4.1
1548,7.1,6.8
1549,10.0,10.5
1550,5.7,5.3
1551,4.5,4.9
1552,5.8,7.1
1553,7.3,9.6
1554,9.4,7.6
1555,5.4,5.0
1556,4.7,6.3
1557,5.0,6.5
1558,3.3,2.6
1559,8.4,10.2
1560,10.7,9.4
1561,4.1,3.2
1562,5.8,5.3
1563,6.3,6.0
1564,4.8,5.4
1565,4.0,4.1
1566,5.8,7.0
1567,8.8,8.4
1568,5.9,3.0
1569,4.5,4.9
1570,6.1,7.0
1571,5.4,6.6
1572,7.6,8.0
1573,7.2,8.4
1574,3.6,3.7
1575,8.0,7.8
1576,4.6,4.8
1577,6.5,6.6
1578,5.9,5.7
1579,4.6,4.8
1580,6.0,6.2
1581,4.6,3.5
1582,6.0,6.1
1583,8.1,8.1
1584,4.8,4.7
1585,7.1,7.0
1586,7.7,8.0
1587,3.4,4.6
1588,6.3,7.4
1589,7.1,7.5
1590,4.1,4.3
1591,6.1,6.9
1592,9.9,9.5
1593,8.1,8.0
1594,4.8,5.8
1595,4.1,4.1
1596,8.4,8.0
1597,9.4,10.5
1598,4.6,5.0
1599,15.9,17.3
1600,16.8,13.0
1601,4.1,3.2
1602,4.0,3.2
1603,2.9,1.5
1604,4.6,4.3
1605,3.5,4.9
1606,1.7,3.0
1607,1.7,1.2
1608,1.1,2.0
1609,2.3,4.0
1610,1.7,1.9
1611,2.6,2.9
1612,4.0,5.4
1613,4.3,4.7
1614,0.0,-0.6
1615,7.6,14.4
1616,4.4,3.6
1617,6.9,5.0
1618,6.4,5.1
1619,5.7,4.6
1620,2.9,3.0
1621,8.0,8.9
1622,3.2,3.7
1623,1.9,3.3
1624,9.9,9.1
1625,1.2,0.5
1626,3.4,3.6
1627,3.5,3.0
1628,7.4,9.1
1629,6.0,6.3
1630,5.6,4.6
1631,2.8,4.5
1632,5.2,3.5
1633,8.9,5.7
1634,5.8,5.5
1635,2.4,2.8
1636,1.5,2.4
1637,2.5,4.7
1638,6.8,6.2
1639,2.6,1.9
1640,10.2,9.5
1641,8.6,9.2
1642,7.6,7.2
1643,2.7,2.5
1644,5.9,5.7
1645,3.6,2.6
1646,0.9,1.3
1647,1.7,3.7
1648,1.0,3.4
1649,0.0,1.7
1650,4.4,2.4
1651,3.4,3.2
1652,1.6,2.1
1653,3.5,3.5
1654,4.2,3.9
1655,1.9,1.3
1656,0.6,2.4
1657,3.2,3.2
1658,1.1,0.2
1659,1.7,0.5
1660,5.1,2.7
1661,1.6,0.6
1662,0.6,1.3
1663,3.1,3.1
1664,3.5,2.9
1665,4.4,2.7
1666,2.8,2.9
1667,1.6,1.6
1668,2.3,0.3
1669,2.6,1.7
1670,2.5,1.5
1671,3.0,2.3
1672,3.5,3.9
1673,2.6,2.0
1674,2.5,1.8
1675,7.3,5.7
1676,1.0,2.8
1677,4.2,3.7
1678,4.1,3.5
1679,3.3,3.2
1680,4.4,4.1
1681,4.4,4.6
1682,3.6,2.4
1683,2.5,2.4
1684,2.6,2.7
1685,3.2,2.1
1686,2.5,2.4
1687,3.2,2.9
1688,1.4,2.3
1689,1.9,1.9
1690,4.6,3.1
1691,4.5,3.4
1692,1.7,1.5
1693,5.4,4.5
1694,2.0,1.6
1695,2.0,1.7
1696,1.6,1.4
1697,3.1,2.9
1698,1.1,0.6
1699,1.0,2.5
1700,4.0,3.0
1701,2.1,2.9
1702,2.2,2.8
1703,3.4,2.6
1704,2.8,2.5
1705,1.2,0.2
1706,6.0,3.7
1707,3.1,3.0
1708,3.9,4.1
1709,2.7,3.2
1710,1.1,1.1
1711,0.7,-0.0
1712,0.0,2.0
1713,3.2,2.9
1714,3.3,3.6
1715,3.7,2.9
1716,2.0,2.6
1717,5.7,5.5
1718,1.7,2.1
1719,3.0,3.5
1720,2.7,4.1
1721,1.1,0.6
1722,0.7,1.0
1723,3.8,2.8
1724,3.9,2.8
1725,4.6,1.4
1726,4.9,3.0
1727,4.0,3.1
1728,1.4,1.2
1729,2.8,2.7
1730,3.3,2.9
1731,2.2,2.7
1732,5.2,4.3
1733,2.5,2.5
1734,1.5,2.4
1735,1.7,2.4
1736,0.0,1.2
1737,3.1,1.9
1738,1.2,1.3
1739,1.9,0.3
1740,15.4,13.6
1741,1.5,1.5
1742,1.7,1.5
1743,2.0,2.6
1744,2.1,3.4
1745,0.4,1.0
1746,2.4,1.5
1747,7.8,8.8
1748,8.3,8.8
1749,6.2,6.4
1750,4.4,5.6
1751,3.9,7.3
1752,0.0,4.0
1753,7.3,6.6
1754,7.6,8.9
1755,9.3,8.2
1756,9.8,10.2
1757,20.6,12.1
1758,11.4,10.2
1759,4.2,7.1
1760,4.2,7.7
1761,6.8,7.3
1762,6.2,7.8
1763,7.7,8.5
1764,4.9,4.0
1765,4.7,4.4
1766,4.5,4.3
1767,6.1,5.2
1768,4.0,3.8
1769,4.8,4.3
1770,4.0,3.8
1771,4.3,3.8
1772,4.4,4.8
1773,3.7,4.2
1774,10.9,9.5
1775,5.2,5.1
1776,6.9,6.3
1777,7.9,8.0
1778,8.4,7.3
1779,9.0,9.0
1780,10.4,10.7
1781,7.4,6.7
1782,7.1,8.4
1783,4.4,4.2
1784,7.5,7.2
1785,6.4,5.7
1786,6.0,6.1
1787,5.2,4.5
1788,6.7,6.9
1789,6.0,7.4
1790,8.0,8.0
1791,4.9,4.3
1792,6.4,6.1
1793,7.4,7.8
1794,7.4,6.8
1795,6.7,7.3
1796,0.0,4.7
1797,6.3,7.0
1798,16.0,14.2
1799,10.0,8.2
1800,7.8,7.7
1801,6.6,4.7
1802,9.3,10.0
1803,5.1,5.1
1804,8.1,8.1
1805,1.5,2.8
1806,6.5,5.2
1807,9.0,10.1
1808,6.2,5.5
1809,5.2,6.3
1810,3.7,2.1
1811,11.4,11.5
1812,16.1,16.7
1813,8.2,6.6
1814,9.3,10.3
1815,4.0,5.1
1816,8.9,10.6
1817,10.7,8.6
1818,8.0,8.1
1819,9.6,9.8
1820,5.3,7.3
1821,5.5,6.4
1822,11.4,6.3
1823,4.2,7.6
1824,9.7,8.9
1825,7.8,9.7
1826,2.5,2.9
1827,9.1,10.3
1828,5.3,5.2
1829,7.3,7.0
1830,11.6,13.6
1831,7.2,6.4
1832,7.0,6.8
1833,5.9,5.6
1834,7.7,6.3
1835,5.3,4.9
1836,6.7,5.6
1837,5.8,5.7
1838,5.0,5.3
1839,4.9,5.1
1840,7.1,7.3
1841,6.7,6.7
1842,5.5,5.9
1843,6.7,5.6
1844,8.2,7.5
1845,7.6,7.3
1846,5.1,5.3
1847,6.2,6.8
1848,11.2,7.0
1849,8.2,6.7
1850,8.0,7.8
1851,8.1,9.9
1852,7.6,6.2
1853,4.8,4.8
1854,4.4,4.2
1855,6.6,6.2
1856,7.3,7.4
1857,4.9,5.3
1858,6.2,7.1
1859,6.2,6.1
1860,6.0,6.0
1861,6.4,5.9
1862,4.7,4.8
1863,5.6,6.3
1864,6.5,7.0
1865,8.6,7.7
1866,6.7,5.9
1867,5.3,5.3
1868,6.9,8.2
1869,5.8,6.0
1870,5.5,6.7
1871,6.3,6.7
1872,8.8,7.8
1873,4.6,4.2
1874,7.3,6.1
1875,7.5,7.8
1876,7.2,5.3
1877,4.9,4.6
1878,7.0,6.2
1879,5.4,5.2
1880,9.3,9.0
1881,6.5,5.3
1882,4.8,5.3
1883,7.1,7.2
1884,4.8,5.0
1885,6.6,7.1
1886,6.4,5.8
1887,6.5,6.3
1888,6.5,5.7
1889,6.0,5.3
1890,6.0,6.9
1891,6.7,6.8
1892,5.7,8.5
1893,13.4,13.3
1894,6.3,7.3
1895,5.5,5.8
1896,9.0,9.1
1897,12.7,10.9
1898,7.9,10.3
1899,7.8,8.6
1900,4.7,5.5
1901,9.3,8.8
1902,6.8,7.2
1903,7.9,9.0
1904,8.9,7.0
1905,8.0,7.6
1906,8.4,9.4
1907,7.4,6.4
1908,5.6,7.0
1909,7.7,7.0
1910,11.9,10.5
1911,7.1,8.9
1912,10.3,9.8
1913,7.0,8.5
1914,8.1,8.7
1915,10.0,10.1
1916,4.8,5.9
1917,5.2,5.0
1918,8.2,8.4
1919,6.5,6.0
1920,9.3,9.8
1921,5.8,6.2
1922,10.2,12.4
1923,6.9,7.8
1924,7.3,8.3
1925,8.3,8.7
1926,8.8,9.4
1927,8.3,9.3
1928,6.6,7.1
1929,9.4,10.2
1930,6.6,7.4
1931,9.6,12.0
1932,9.3,9.2
1933,5.1,6.1
1934,3.5,4.9
1935,10.0,11.4
1936,12.4,11.2
1937,11.0,10.1
1938,7.2,7.3
1939,4.8,6.5
1940,6.5,7.3
1941,11.5,10.1
1942,7.4,8.3
1943,11.6,10.6
1944,7.9,8.0
1945,7.4,8.5
1946,4.9,6.3
1947,6.9,6.3
1948,9.6,11.3
1949,6.8,7.3
1950,4.7,6.7
1951,5.9,8.5
1952,6.3,6.4
1953,7.9,9.3
1954,7.0,7.3
1955,10.2,12.8
1956,10.6,8.9
1957,5.2,5.2
1958,8.1,7.9
1959,7.0,8.7
1960,8.3,8.0
1961,8.4,10.0
1962,10.9,9.6
1963,10.1,10.1
1964,6.3,6.7
1965,6.1,7.2
1966,10.0,11.3
1967,9.6,12.5
1968,7.2,8.6
1969,9.2,8.8
1970,8.7,9.3
1971,9.5,9.2
1972,12.7,13.3
1973,8.0,9.1
1974,7.0,7.1
1975,5.1,6.0
1976,7.4,8.3
1977,6.8,6.1
1978,8.5,12.2
1979,6.1,6.0
1980,11.0,10.3
1981,4.9,5.1
1982,8.1,9.9
1983,10.4,12.5
1984,8.1,8.6
1985,9.7,10.0
1986,7.5,9.1
1987,8.1,8.6
1988,5.9,6.8
1989,8.3,8.6
1990,1.6,0.6
1991,3.1,1.7
1992,6.5,8.9
1993,3.9,1.2
1994,3.3,1.8
1995,1.6,0.9
1996,2.6,1.6
1997,1.8,1.8
1998,2.7,2.5
1999,1.3,0.3
2000,2.6,0.8
2001,2.4,0.7
2002,3.5,3.2
2003,1.6,1.9
2004,1.8,2.4
2005,1.1,0.6
2006,0.9,0.8
2007,3.8,3.4
2008,2.4,2.0
2009,3.0,1.4
2010,2.2,1.3
2011,1.3,0.7
2012,0.8,1.2
2013,1.7,0.9
2014,2.2,2.2
2015,1.7,0.7
2016,3.9,2.7
2017,1.6,1.4
2018,1.3,2.0
2019,2.4,2.3
2020,4.7,4.5
2021,0.5,0.4
2022,2.3,1.9
2023,3.1,2.1
2024,1.6,1.6
2025,1.3,1.8
2026,2.4,0.9
2027,0.9,1.0
2028,2.4,2.1
2029,7.4,9.2
2030,1.0,0.0
2031,3.6,2.0
2032,19.1,19.1
2033,1.3,-0.1
2034,3.2,1.9
2035,1.8,1.7
2036,1.5,1.9
2037,3.7,2.5
2038,2.9,1.7
2039,2.6,2.2
2040,2.7,2.2
2041,2.0,0.7
2042,2.0,1.5
2043,7.5,10.5
2044,7.2,7.0
2045,4.2,6.0
2046,7.4,7.4
2047,8.7,9.5
2048,3.4,3.6
2049,6.8,6.6
2050,6.5,8.1
2051,5.4,5.7
2052,4.7,5.9
2053,7.3,6.6
2054,7.7,7.7
2055,4.4,4.5
2056,6.6,7.1
2057,7.5,7.0
2058,6.7,6.0
2059,6.4,6.2
2060,8.9,8.6
2061,5.1,5.5
2062,5.0,6.0
2063,2.6,2.4
2064,6.5,6.0
2065,5.1,5.4
2066,6.3,6.9
2067,5.7,6.1
2068,5.9,5.0
2069,5.8,6.7
2070,3.5,3.2
2071,5.7,5.7
2072,8.5,9.0
2073,7.0,7.3
2074,4.5,5.0
2075,6.8,7.2
2076,4.9,5.1
2077,4.5,4.6
2078,7.3,9.0
2079,7.4,7.4
2080,2.8,3.4
2081,5.8,5.6
2082,10.8,8.9
2083,7.9,7.2
2084,5.8,5.3
2085,4.8,4.5
2086,6.5,6.7
2087,5.9,5.7
2088,5.8,5.6
2089,7.0,6.8
2090,8.5,8.8
2091,5.4,4.6
2092,8.2,7.6
2093,7.9,7.3
2094,3.6,3.7
2095,10.4,9.6
2096,3.9,3.6
2097,5.5,5.4
2098,5.9,6.7
2099,8.0,7.6
2100,5.5,7.8
2101,4.3,5.3
2102,6.9,6.9
2103,4.8,5.9
2104,4.9,4.3
2105,5.0,4.8
2106,7.6,7.8
2107,5.2,5.6
2108,9.9,9.9
2109,7.2,6.8
2110,5.8,5.6
2111,2.9,2.5
2112,7.5,6.9
2113,7.6,8.8
2114,5.4,5.7
2115,7.9,8.2
2116,5.9,6.2
2117,5.3,4.6
2118,6.7,6.6
2119,6.4,6.6
2120,5.9,6.2
2121,4.9,5.4
2122,2.8,3.2
2123,5.3,5.4
2124,10.6,9.4
2125,4.5,4.0
2126,4.2,5.6
2127,4.0,4.0
2128,5.0,5.2
2129,5.5,5.5
2130,4.2,4.8
2131,5.5,10.0
2132,4.5,4.5
2133,6.6,8.0
2134,3.9,2.5
2135,4.6,3.1
2136,3.6,3.4
2137,6.4,7.3
2138,7.6,8.9
2139,4.3,3.8
2140,6.4,5.8
2141,7.9,9.0
2142,8.6,9.4
2143,2.3,2.3
2144,4.8,4.6
2145,7.9,8.4
2146,8.8,7.1
2147,8.7,7.5
2148,5.5,6.9
2149,4.2,5.6
2150,3.6,4.0
2151,8.3,8.8
2152,2.3,3.5
2153,5.6,4.4
2154,5.3,4.7
2155,3.5,4.7
2156,3.8,4.2
2157,3.5,2.9
2158,6.6,4.7
2159,6.2,6.6
2160,3.2,2.4
2161,8.9,8.0
2162,8.6,7.2
2163,5.2,6.3
2164,7.2,6.3
2165,6.6,6.8
2166,6.9,6.8
2167,5.2,2.9
2168,6.1,5.7
2169,7.4,7.7
2170,6.9,8.5
2171,5.9,6.3
2172,4.8,5.3
2173,3.9,4.1
2174,3.8,3.8
2175,5.7,8.2
2176,8.5,9.4
2177,4.6,4.5
2178,5.3,6.7
2179,5.3,7.4
2180,3.9,4.3
2181,6.9,8.2
2182,4.9,4.8
2183,9.5,8.2
2184,8.2,9.6
2185,5.2,5.7
2186,10.0,9.4
2187,6.1,6.8
2188,7.2,8.8
2189,5.2,6.0
2190,4.5,6.4
2191,6.3,6.3
2192,5.1,6.4
2193,6.7,6.6
2194,7.9,9.4
2195,3.4,2.6
2196,5.0,5.1
2197,8.0,8.4
2198,8.7,9.7
2199,6.8,5.7
2200,3.1,3.4
2201,5.5,6.2
2202,5.9,5.8
2203,6.4,5.5
2204,4.7,5.1
2205,4.6,3.5
2206,4.6,2.8
2207,5.6,4.1
2208,7.3,7.3
2209,6.7,7.0
2210,5.6,6.2
2211,6.5,6.1
2212,7.5,7.6
2213,9.2,8.9
2214,8.3,9.9
2215,9.9,8.2
2216,5.5,6.7
2217,8.9,9.0
2218,7.5,6.4
2219,7.6,6.5
2220,13.1,11.2
2221,5.1,4.0
2222,7.5,8.2
2223,11.9,11.4
2224,9.0,9.3
2225,9.1,9.4
2226,6.9,8.0
2227,7.6,8.0
2228,6.5,7.0
2229,8.8,8.0
2230,8.6,9.1
2231,6.8,8.4
2232,4.8,6.5
2233,6.8,7.3
2234,8.3,8.3
2235,4.9,5.9
2236,5.5,6.2
2237,8.3,7.5
2238,6.5,6.1
2239,4.9,6.9
2240,6.5,6.9
2241,5.6,5.8
2242,8.3,6.8
2243,6.6,7.4
2244,4.9,4.4
2245,5.9,5.8
2246,6.9,6.5
2247,5.6,5.4
2248,5.9,5.8
2249,7.3,6.8
2250,5.2,5.3
2251,5.6,4.4
2252,5.4,5.0
2253,4.5,4.5
2254,7.5,6.7
2255,4.1,3.7
2256,7.6,6.7
2257,4.6,4.7
2258,4.8,4.3
2259,6.6,6.4
2260,8.2,6.2
2261,5.9,5.4
2262,5.1,4.9
2263,6.0,5.6
2264,4.2,4.1
2265,5.7,5.8
2266,6.8,6.5
2267,4.8,3.6
2268,6.5,6.5
2269,7.5,7.1
2270,5.4,5.1
2271,5.7,5.2
2272,6.5,5.8
2273,5.7,5.4
2274,6.7,6.5
2275,7.8,6.3
2276,4.7,5.1
2277,4.4,4.8
2278,5.4,5.6
2279,4.7,4.7
2280,6.5,5.7
2281,5.8,5.2
2282,7.0,6.6
2283,7.0,6.2
2284,6.2,6.0
2285,7.5,6.9
2286,5.8,5.4
2287,4.2,5.1
2288,9.2,9.1
2289,5.2,4.6
2290,4.4,4.7
2291,5.7,5.6
2292,5.1,5.7
2293,4.3,4.9
2294,11.3,12.0
2295,7.8,8.8
2296,6.7,5.4
2297,6.9,6.5
2298,3.6,4.0
2299,6.1,5.3
2300,8.8,6.6
2301,6.7,5.9
2302,6.4,5.6
2303,3.4,4.6
2304,7.6,6.1
2305,5.7,5.0
2306,5.8,5.0
2307,6.5,6.0
2308,4.9,4.5
2309,6.5,5.6
2310,5.4,5.6
2311,4.2,4.8
2312,6.1,5.9
2313,5.4,5.1
2314,7.6,7.7
2315,6.0,4.9
2316,9.4,9.1
2317,9.0,8.0
2318,17.3,17.5
2319,6.7,7.3
2320,6.5,9.7
2321,10.1,12.2
2322,6.3,6.0
2323,6.4,7.9
2324,6.5,7.7
2325,5.3,6.6
2326,7.8,8.9
2327,9.8,11.1
2328,9.0,9.0
2329,12.0,12.8
2330,9.5,10.6
2331,13.1,12.3
2332,9.1,11.8
2333,6.2,6.7
2334,7.3,7.5
2335,9.3,11.1
2336,9.5,9.8
2337,9.6,9.2
2338,5.5,6.2
2339,9.7,10.5
2340,9.7,9.7
2341,7.1,7.5
2342,10.7,10.5
2343,7.0,8.5
2344,7.7,8.1
2345,7.9,8.9
2346,9.0,12.6
2347,6.0,6.2
2348,15.3,11.3
2349,10.7,12.0
2350,14.6,12.8
2351,8.1,8.6
2352,6.6,8.3
2353,9.7,11.0
2354,6.8,7.5
2355,7.7,8.1
2356,6.7,8.0
2357,6.2,7.2
2358,11.4,10.2
2359,7.4,9.8
2360,9.8,10.9
2361,6.6,7.1
2362,1.4,1.1
2363,2.1,3.3
2364,13.5,14.8
2365,1.2,1.0
2366,3.3,2.8
2367,1.8,2.1
2368,2.0,2.8
2369,17.0,17.3
2370,2.8,2.6
2371,1.0,0.5
2372,5.2,5.9
2373,4.0,2.4
2374,6.4,6.0
2375,2.5,2.5
2376,28.7,24.2
2377,4.0,4.4
2378,3.9,2.6
2379,1.5,3.7
2380,1.8,2.0
2381,25.9,20.5
2382,0.9,0.4
2383,1.6,0.9
2384,2.6,3.6
2385,0.3,0.6
2386,3.3,2.7
2387,0.8,2.5
2388,2.2,2.4
2389,1.7,1.5
2390,1.5,0.9
2391,0.4,0.7
2392,1.5,1.3
2393,2.1,2.9
2394,5.3,2.3
2395,3.0,2.2
2396,12.0,16.1
2397,0.2,0.7
2398,2.9,2.0
2399,1.8,1.3
2400,3.9,3.4
2401,3.1,3.3
2402,2.1,1.1
2403,6.3,7.8
2404,2.5,2.0
2405,6.7,5.2
2406,1.6,0.8
2407,1.3,2.1
2408,6.6,13.0
2409,2.0,3.0
2410,3.4,3.6
2411,4.9,5.3
2412,22.7,26.0
2413,4.2,4.5
2414,3.8,2.7
2415,0.9,0.4
2416,7.0,7.6
2417,3.0,2.2
2418,1.9,1.0
2419,1.0,1.3
2420,0.5,0.5
2421,15.1,23.7
2422,1.8,3.1
2423,2.2,2.2
2424,2.1,2.0
2425,3.7,4.6
2426,2.8,2.9
2427,27.0,22.9
2428,6.9,6.4
2429,5.6,6.5
2430,9.1,10.7
2431,8.4,8.1
2432,5.9,6.1
2433,7.2,8.3
2434,8.0,8.1
2435,6.6,9.6
2436,6.9,8.9
2437,6.3,7.3
2438,5.5,6.2
2439,10.3,9.9
2440,8.5,6.9
2441,5.3,6.9
2442,9.6,9.4
2443,5.8,6.8
2444,5.9,6.4
2445,7.6,6.9
2446,5.3,6.4
2447,9.7,8.3
2448,5.6,6.3
2449,4.7,6.4
2450,7.3,5.7
2451,7.9,7.2
2452,7.3,8.4
2453,6.9,7.2
2454,6.1,7.7
2455,5.9,7.6
2456,6.4,7.7
2457,7.2,6.8
2458,12.2,9.6
2459,7.6,7.9
2460,5.9,6.4
2461,10.0,9.9
2462,15.8,13.6
2463,9.5,10.3
2464,7.4,7.9
2465,6.8,8.8
2466,9.5,7.6
2467,6.7,7.7
2468,6.2,7.6
2469,6.6,7.0
2470,6.4,7.1
2471,9.3,11.0
2472,6.2,6.9
2473,6.0,8.0
2474,5.5,5.6
2475,11.3,9.2
2476,9.9,10.7
2477,8.8,8.3
2478,4.0,6.8
2479,5.9,6.4
2480,6.6,6.7
2481,8.3,7.4
2482,13.6,11.0
2483,5.8,6.7
2484,6.2,7.4
2485,6.0,6.1
2486,6.5,6.7
2487,6.2,6.4
2488,9.9,10.7
2489,9.3,9.5
2490,7.5,7.7
2491,5.0,4.7
2492,7.6,7.8
2493,8.3,8.9
2494,5.3,6.6
2495,6.2,8.6
2496,3.9,4.9
2497,6.1,8.3
2498,6.8,7.4
2499,7.9,8.7
2500,8.2,7.5
2501,6.9,6.5
2502,5.1,5.8
2503,9.4,10.9
2504,7.8,7.6
2505,6.2,6.4
2506,8.6,8.9
2507,3.7,4.8
2508,8.2,8.5
2509,6.8,6.6
2510,4.5,4.9
2511,8.1,8.5
2512,8.2,8.1
2513,10.8,9.9
2514,7.2,8.2
2515,11.6,8.6
2516,6.8,6.9
2517,5.3,5.4
2518,8.4,9.5
2519,8.3,8.7
2520,9.3,8.1
2521,3.6,3.0
2522,4.5,5.2
2523,4.3,4.6
2524,4.5,3.7
2525,7.6,7.4
2526,6.7,5.8
2527,3.0,2.6
2528,1.8,1.4
2529,6.1,5.7
2530,5.4,5.4
2531,2.2,4.5
2532,5.7,5.0
2533,7.7,7.6
2534,2.3,2.0
2535,6.3,6.6
2536,8.3,7.5
2537,6.1,6.5
2538,5.7,5.0
2539,1.5,0.7
2540,5.2,6.4
2541,7.3,7.0
2542,4.9,4.5
2543,4.7,6.3
2544,7.1,3.8
2545,6.2,4.3
2546,13.8,16.0
2547,4.3,4.0
2548,6.7,6.2
2549,4.3,4.4
2550,3.4,5.4
2551,6.3,5.7
2552,3.5,4.8
2553,8.0,9.3
2554,6.1,7.1
2555,1.9,1.5
2556,7.3,7.6
2557,4.2,4.4
2558,6.5,5.9
2559,6.1,5.9
2560,5.2,5.0
2561,7.2,5.6
2562,8.0,7.4
2563,4.3,3.1
2564,5.1,6.7
2565,4.3,3.7
2566,7.1,4.6
2567,2.9,3.9
2568,3.8,4.2
2569,3.6,4.5
2570,0.4,2.6
2571,5.2,5.7
2572,9.9,7.6
2573,10.7,7.1
2574,2.6,4.6
2575,2.4,3.2
2576,7.7,8.1
2577,5.3,6.8
2578,3.7,4.6
2579,5.9,6.8
2580,6.7,7.4
2581,5.0,4.6
2582,6.4,10.6
2583,4.5,4.5
2584,6.5,5.7
2585,15.0,9.4
2586,15.0,9.3
2587,4.6,4.0
2588,13.6,9.4
2589,5.7,4.3
2590,6.9,4.7
2591,5.1,4.0
2592,4.6,5.3
2593,7.0,7.6
2594,4.3,4.5
2595,6.1,7.2
2596,5.2,5.7
2597,1.5,2.3
2598,5.6,5.8
2599,6.4,6.1
2600,11.3,6.3
2601,5.3,4.2
2602,7.6,5.6
2603,4.2,5.0
2604,7.3,5.1
2605,4.5,3.3
2606,6.5,6.1
2607,2.0,2.5
2608,5.0,5.2
2609,0.0,2.2
2610,6.4,7.4
2611,5.1,5.8
2612,4.9,4.9
2613,6.5,6.3
2614,4.8,5.5
2615,5.5,5.9
2616,4.5,4.8
2617,6.4,6.8
2618,13.0,9.1
2619,3.1,4.9
2620,3.8,2.7
2621,6.7,4.8
2622,4.4,4.7
2623,6.4,6.6
2624,7.2,6.3
2625,1.2,1.7
2626,9.5,5.9
2627,5.3,6.0
2628,6.9,3.1
2629,6.2,6.8
2630,8.1,9.3
2631,8.1,7.3
2632,7.4,5.5
2633,3.0,4.5
2634,5.9,6.1
2635,4.5,6.7
2636,6.7,5.4
2637,5.7,7.3
2638,6.5,9.0
2639,5.2,4.9
2640,6.9,3.5
2641,3.6,5.2
2642,4.7,4.6
2643,10.3,9.0
2644,5.1,4.5
2645,6.5,7.5
2646,17.0,12.7
2647,5.3,6.5
2648,4.9,5.7
2649,4.2,4.3
2650,4.1,5.0
2651,6.5,7.0
2652,4.4,3.5
2653,0.0,2.9
2654,1.6,2.1
2655,6.0,6.2
2656,6.4,6.9
2657,6.0,2.6
2658,8.1,8.7
2659,9.7,9.3
2660,5.1,5.3
2661,5.6,6.4
2662,3.6,5.5
2663,7.4,6.6
2664,5.4,5.6
2665,2.9,3.5
2666,4.5,5.1
2667,7.1,6.2
2668,7.8,9.0
2669,10.3,7.0
2670,5.2,3.8
2671,3.8,4.7
2672,8.3,4.8
2673,0.0,10.0
2674,4.8,5.6
2675,8.1,8.3
2676,3.2,4.3
2677,5.1,5.8
2678,26.3,9.1
2679,3.1,5.3
2680,10.7,7.4
2681,1.9,2.6
2682,2.8,5.4
2683,6.4,6.0
2684,12.9,10.6
2685,5.3,5.7
2686,5.1,6.1
2687,3.5,3.0
2688,5.5,7.5
2689,2.9,3.4
2690,6.4,4.1
2691,6.6,5.5
2692,4.9,5.0
2693,4.1,3.8
2694,9.9,9.1
2695,8.1,7.1
2696,8.6,7.7
2697,9.4,8.5
2698,11.6,9.5
2699,7.1,5.9
2700,5.9,5.8
2701,7.6,4.5
2702,3.8,5.5
2703,6.0,6.5
2704,7.9,6.8
2705,3.8,5.3
2706,5.5,4.8
2707,2.8,3.5
2708,3.7,4.1
2709,8.5,8.4
2710,4.2,5.4
2711,9.8,8.3
2712,5.7,6.5
2713,3.7,3.3
2714,3.9,3.1
2715,6.1,9.0
2716,9.0,6.3
2717,8.0,5.3
2718,7.9,5.8
2719,2.4,1.0
2720,7.7,7.2
2721,4.9,4.4
2722,3.2,3.7
2723,5.7,4.7
2724,7.1,9.4
2725,13.4,12.3
2726,6.5,10.1
2727,4.9,4.8
2728,3.2,4.7
2729,6.3,3.6
2730,4.6,3.3
2731,7.0,4.2
2732,7.4,7.1
2733,1.5,3.4
2734,6.5,6.1
2735,2.8,3.6
2736,15.0,11.9
2737,4.7,4.4
2738,2.6,1.7
2739,2.4,5.1
2740,5.9,3.0
2741,5.9,6.1
2742,5.4,5.9
2743,4.4,5.2
2744,6.8,4.2
2745,9.4,5.2
2746,5.2,3.1
2747,6.1,6.3
2748,3.8,4.1
2749,4.5,5.0
2750,10.2,8.2
2751,9.5,9.0
2752,8.3,6.4
2753,1.1,4.2
2754,5.9,6.7
2755,6.6,7.8
2756,5.9,5.5
2757,5.1,5.5
2758,3.4,5.6
2759,7.8,7.5
2760,6.1,3.7
2761,6.2,4.5
2762,5.7,7.2
2763,5.3,5.9
2764,5.6,4.2
2765,4.8,5.5
2766,5.8,6.1
2767,14.5,10.6
2768,4.8,4.5
2769,6.0,5.0
2770,4.1,3.3
2771,6.0,6.1
2772,7.8,6.9
2773,7.5,6.0
2774,4.5,4.6
2775,12.4,10.6
2776,10.1,10.4
2777,4.7,3.0
2778,5.5,4.5
2779,3.6,4.4
2780,5.4,5.8
2781,1.0,2.6
2782,3.3,3.1
2783,6.2,4.1
2784,4.4,4.3
2785,4.6,6.3
2786,6.4,5.1
2787,6.2,8.2
2788,2.9,3.4
2789,4.0,5.0
2790,2.9,3.3
2791,3.4,3.6
2792,1.9,5.2
2793,1.8,5.2
2794,4.3,4.5
2795,8.4,9.8
2796,6.8,6.3
2797,4.8,4.4
2798,2.3,2.3
2799,6.5,5.1
2800,6.7,4.3
2801,4.3,4.4
2802,2.4,3.5
2803,5.2,5.9
2804,1.9,1.8
2805,4.8,4.9
2806,4.4,3.8
2807,4.4,4.2
2808,4.9,5.3
2809,4.1,3.7
2810,5.1,6.9
2811,4.4,3.6
2812,4.9,5.4
2813,3.8,3.8
2814,4.3,3.6
2815,4.4,4.5
2816,4.7,4.8
2817,3.9,3.7
2818,5.6,4.9
2819,4.5,3.8
2820,5.4,6.1
2821,3.2,2.9
2822,4.4,4.9
2823,3.3,5.4
2824,5.6,5.7
2825,3.5,5.8
2826,3.2,3.0
2827,4.1,3.6
2828,9.1,4.8
2829,4.4,4.4
2830,6.7,6.5
2831,3.8,3.5
2832,7.8,9.2
2833,8.6,9.0
2834,8.4,9.1
2835,3.4,4.9
2836,6.3,7.3
2837,3.8,5.4
2838,6.2,7.5
2839,6.8,5.7
2840,5.6,5.1
2841,3.3,4.9
2842,4.1,3.8
2843,5.9,6.0
2844,7.0,9.2
2845,5.6,7.4
2846,8.3,7.9
2847,5.6,7.4
2848,4.5,3.6
2849,4.0,4.1
2850,5.5,4.6
2851,4.8,4.2
2852,5.4,5.4
2853,4.1,3.9
2854,4.8,4.0
2855,3.3,4.1
2856,3.4,3.9
2857,7.4,7.4
2858,6.3,5.7
2859,5.7,6.4
2860,4.9,6.7
2861,3.4,3.3
2862,5.8,5.3
2863,8.7,8.1
2864,0.5,1.8
2865,7.0,6.4
2866,4.9,3.9
2867,4.4,5.5
2868,4.9,5.7
2869,3.7,4.9
2870,4.4,6.3
2871,11.4,9.8
2872,3.8,2.9
2873,7.7,6.7
2874,4.5,6.6
2875,5.6,5.4
2876,1.4,3.6
2877,5.0,6.2
2878,6.3,5.3
2879,4.3,5.3
2880,3.7,5.1
2881,5.1,4.9
2882,4.4,7.9
2883,7.8,6.9
2884,5.8,9.1
2885,6.5,6.3
2886,7.8,7.6
2887,6.6,6.9
2888,6.7,6.2
2889,4.0,3.7
2890,5.2,6.7
2891,8.5,8.0
2892,5.0,4.9
2893,6.9,5.7
2894,2.9,3.2
2895,6.4,7.1
2896,4.8,3.8
2897,5.0,3.8
2898,4.6,4.1
2899,6.8,6.5
2900,6.2,7.4
2901,5.2,4.8
2902,6.3,5.3
2903,4.3,6.2
2904,5.5,5.3
2905,4.3,4.7
2906,7.7,8.7
2907,5.5,7.0
2908,7.8,6.3
2909,6.0,5.9
2910,6.4,5.4
2911,7.3,7.6
2912,9.6,8.3
2913,6.2,7.1
2914,6.4,3.9
2915,3.9,4.2
2916,7.7,8.5
2917,4.7,5.9
2918,3.6,4.9
2919,5.8,5.9
2920,10.2,6.4
2921,5.6,6.6
2922,10.1,10.1
2923,20.4,14.6
2924,4.1,4.1
2925,4.2,2.7
2926,14.8,10.5
2927,5.6,7.4
2928,5.5,5.7
2929,7.8,8.0
2930,5.3,6.7
2931,10.0,10.3
2932,4.1,3.5
2933,7.4,7.1
2934,7.4,6.2
2935,6.0,4.5
2936,8.3,9.6
2937,7.5,7.7
2938,8.5,9.1
2939,13.5,9.0
2940,12.2,11.5
2941,4.7,2.9
2942,9.7,9.5
2943,7.5,9.1
2944,8.8,9.0
2945,6.6,7.5
2946,4.7,3.7
2947,3.9,4.8
2948,6.7,6.5
2949,5.3,4.8
2950,4.4,4.9
2951,7.3,7.2
2952,4.3,5.6
2953,5.9,7.7
2954,6.7,7.0
2955,6.0,5.5
2956,5.8,5.7
2957,8.8,7.9
2958,6.2,6.4
2959,7.9,7.8
2960,8.4,8.2
2961,3.9,5.4
2962,9.5,10.1
2963,5.8,5.9
2964,7.2,5.6
2965,6.9,7.4
2966,10.1,10.5
2967,6.7,6.6
2968,7.5,7.1
2969,5.0,5.1
2970,5.7,6.4
2971,5.3,6.7
2972,5.0,5.6
2973,8.8,9.1
2974,4.2,4.2
2975,8.3,9.9
2976,6.7,7.8
2977,6.4,7.2
2978,8.0,8.0
2979,6.9,7.5
2980,4.0,4.2
2981,6.4,6.5
2982,6.2,6.4
2983,5.4,5.9
2984,6.3,6.7
2985,6.7,7.6
2986,7.7,6.5
2987,6.3,7.6
2988,6.0,5.2
2989,6.8,6.5
2990,8.5,7.6
2991,7.5,7.4
2992,8.9,7.9
2993,8.3,7.5
2994,10.6,8.3
2995,15.3,11.0
2996,3.5,5.2
2997,5.5,6.5
2998,14.5,12.6
2999,10.8,10.4
3000,6.5,5.9
3001,8.4,7.8
3002,12.3,8.5
3003,5.2,5.2
3004,6.8,6.2
3005,5.7,6.9
3006,7.5,5.7
3007,5.1,6.1
3008,6.5,5.9
3009,4.6,6.0
3010,7.3,6.6
3011,6.5,6.0
3012,7.5,6.6
3013,7.3,9.1
3014,12.8,8.9
3015,11.2,11.5
3016,5.5,4.6
3017,5.9,5.8
3018,7.7,8.3
3019,6.2,5.4
3020,6.9,6.8
3021,15.6,11.3
3022,6.1,5.5
3023,9.0,6.3
3024,11.1,8.7
3025,7.3,7.2
3026,5.1,4.7
3027,5.0,4.9
3028,7.4,6.4
3029,6.3,5.2
3030,8.4,6.0
3031,3.5,3.2
3032,7.6,6.1
3033,7.3,5.7
3034,8.5,8.2
3035,9.2,7.4
3036,11.1,8.1
3037,8.9,7.3
3038,7.4,6.0
3039,8.2,8.2
3040,8.1,6.9
3041,8.8,8.1
3042,10.6,11.3
3043,6.7,7.2
3044,7.8,7.4
3045,6.0,6.8
3046,11.7,8.4
3047,8.1,7.4
3048,7.2,6.4
3049,3.6,4.2
3050,5.5,5.7
3051,4.4,4.7
3052,3.5,3.0
3053,5.1,6.1
3054,2.0,2.1
3055,3.7,3.8
3056,3.3,3.6
3057,3.8,4.2
3058,4.1,4.9
3059,3.8,3.9
3060,4.8,4.3
3061,4.6,4.1
3062,5.6,5.6
3063,4.7,4.7
3064,4.0,4.6
3065,6.4,4.7
3066,4.0,3.7
3067,8.3,8.2
3068,3.5,4.0
3069,2.6,2.8
3070,3.4,4.3
3071,3.5,3.6
3072,7.8,5.5
3073,4.7,4.7
3074,4.3,4.1
3075,4.3,5.6
3076,7.8,7.3
3077,3.5,3.4
3078,4.6,4.3
3079,2.7,2.9
3080,6.7,6.2
3081,4.0,4.4
3082,3.7,4.0
3083,3.8,4.0
3084,5.7,5.4
3085,5.5,5.7
3086,8.1,16.3
3087,7.1,7.8
3088,4.7,4.8
3089,4.5,4.0
3090,3.9,4.5
3091,3.1,3.0
3092,3.0,3.0
3093,3.4,3.8
3094,2.7,3.1
3095,4.8,5.0
3096,4.6,5.3
3097,2.9,3.5
3098,5.8,6.3
3099,3.5,4.0
3100,6.4,6.3
3101,4.1,4.6
3102,3.3,3.2
3103,3.6,4.3
3104,6.2,8.3
3105,3.9,4.5
3106,4.4,3.8
3107,3.8,3.8
3108,3.3,2.7
3109,2.9,3.7
3110,7.9,6.6
3111,5.6,5.4
3112,5.1,5.0
3113,3.4,3.1
3114,3.3,2.8
3115,3.8,4.2
3116,5.0,5.3
3117,3.6,3.7
3118,4.8,4.7
3119,4.8,4.5
3120,4.7,3.5
3121,4.6,3.1
3122,3.4,3.3
3123,5.8,3.6
3124,3.6,2.6
3125,6.0,6.5
3126,6.5,4.8
3127,4.1,2.8
3128,4.3,3.0
3129,5.3,3.6
3130,6.0,4.6
3131,5.1,3.7
3132,0.0,2.1
3133,3.3,2.6
3134,2.5,1.9
3135,3.1,2.1
3136,4.2,3.3
3137,5.2,4.2
3138,1.3,1.7
3139,6.4,3.8
3140,6.1,4.7
3141,2.2,4.1
3142,40.9,28.9
3143,17.6,21.3
3144,22.6,20.0
3145,20.7,21.0
3146,6.4,9.7
3147,14.3,14.6
3148,17.4,16.8
3149,15.7,20.1
3150,18.9,16.6
3151,11.7,11.7
3152,14.5,15.0
3153,12.8,13.7
3154,15.4,14.8
3155,19.1,19.0
3156,23.3,19.5
3157,14.1,13.2
3158,27.9,24.6
3159,10.6,13.4
3160,11.9,13.0
3161,20.1,17.8
3162,16.9,14.1
3163,8.2,12.9
3164,25.0,19.9
3165,29.1,20.8
3166,1.6,6.9
3167,20.7,16.4
3168,28.4,20.6
3169,17.3,16.5
3170,31.2,23.3
3171,7.9,16.9
3172,23.9,19.9
3173,10.6,11.3
3174,14.8,12.8
3175,9.4,13.7
3176,23.1,18.8
3177,13.3,14.1
3178,19.4,18.7
3179,27.1,25.0
3180,21.9,16.4
3181,26.9,20.8
3182,17.8,17.9
3183,36.2,27.6
3184,2.4,10.1
3185,21.0,19.2
3186,28.6,22.6
3187,27.3,23.0
3188,18.1,17.1
3189,12.1,13.7
3190,24.6,23.2
3191,25.9,20.1
3192,26.2,20.5
3193,20.5,21.0
3194,11.2,12.8
3195,23.8,19.6
3196,32.1,25.6
3197,19.9,23.2
3198,23.3,22.3
3199,15.3,18.2
3200,13.1,16.0
3201,14.3,16.6
3202,22.9,19.8
3203,21.4,20.4
3204,9.1,13.9
3205,8.3,10.6
3206,15.0,15.0
3207,11.7,15.7
3208,28.0,24.2
3209,9.7,13.3
3210,13.8,14.4
3211,18.7,16.8
3212,7.3,9.7
3213,30.0,24.0
3214,21.5,19.6
3215,16.8,14.9
3216,12.8,12.0
3217,24.8,21.5
3218,25.4,20.9
3219,24.0,22.1
